pc_time,pc_monotonic_ms,trial_id,label,ground_truth,action_marker,seq,t_ms,ax_g,ay_g,az_g,gx_dps,gy_dps,gz_dps,roll_deg,pitch_deg,yaw_deg,a_g,g_dps,tilt_deg,fall_phase,free_fall,impact,tilted_still,alarm,fall_suspected,fall_latched
2026-08-31T13:14:27.933,93310578,T005,turn_left,normal,,2,593008,-0.3071,0.1475,0.9419,-3.66,-3.17,1.28,8.32,17.32,-165.77,1.0016,5.01,17.32,IDLE,False,False,False,NORMAL,False,False
2026-08-31T13:14:28.049,93310703,T005,turn_left,normal,,3,593108,-0.2627,0.1157,0.9526,-13.61,-17.46,0.43,7.53,16.27,-165.72,0.9949,22.14,16.27,IDLE,False,False,False,NORMAL,False,False
2026-08-31T13:14:28.134,93310781,T005,turn_left,normal,,4,593208,-0.2427,0.0923,0.957,-7.81,-2.5,-2.99,6.44,15.39,-166.04,0.9916,8.73,15.39,IDLE,False,False,False,NORMAL,False,False
2026-08-31T13:14:28.243,93310890,T005,turn_left,normal,,5,593298,-0.2764,0.0884,0.9619,-7.87,0.06,-10.07,5.78,15.75,-166.76,1.0047,12.78,15.75,IDLE,False,False,False,NORMAL,False,False
2026-08-31T13:14:28.334,93310984,T005,turn_left,normal,,6,593398,-0.2993,0.0918,0.96,-10.25,1.59,-15.69,4.96,16.2,-167.98,1.0097,18.81,16.2,IDLE,False,False,False,NORMAL,False,False
2026-08-31T13:14:28.445,93311093,T005,turn_left,normal,,7,593498,-0.2959,0.0781,0.9644,-14.22,-18.74,-4.76,3.6,15.78,-169.4,1.0118,24.0,15.78,IDLE,False,False,False,NORMAL,False,False
2026-08-31T13:14:28.536,93311187,T005,turn_left,normal,,8,593598,-0.2827,0.0571,0.9614,-5.13,-3.48,-2.32,2.54,14.38,-169.54,1.0038,6.62,14.38,IDLE,False,False,False,NORMAL,False,False
2026-08-31T13:14:28.644,93311296,T005,turn_left,normal,,9,593698,-0.2378,0.1025,0.9541,-0.24,-41.14,26.61,2.59,12.59,-168.95,0.9886,49.0,12.59,IDLE,False,False,False,NORMAL,False,False
2026-08-31T13:14:28.735,93311390,T005,turn_left,normal,,10,593798,-0.0498,-0.0488,1.064,-20.51,-19.1,-6.47,1.34,8.5,-167.53,1.0662,28.76,8.5,IDLE,False,False,False,NORMAL,False,False
2026-08-31T13:14:28.849,93311500,T005,turn_left,normal,,11,593898,-0.0186,0.0332,0.8706,-35.28,-9.46,-22.16,-3.89,7.43,-170.3,0.8714,42.72,7.43,IDLE,False,False,False,NORMAL,False,False
2026-08-31T13:14:28.934,93311578,T005,turn_left,normal,,12,593998,-0.2871,-0.0986,1.0557,4.58,30.46,46.69,-4.4,10.43,-168.84,1.0984,55.93,10.43,IDLE,False,False,False,NORMAL,False,False
2026-08-31T13:14:29.044,93311687,T005,turn_left,normal,,13,594098,-0.146,-0.1055,0.9771,-6.47,-22.95,37.72,-3.33,9.95,-164.19,0.9935,44.62,9.95,IDLE,False,False,False,NORMAL,False,False
2026-08-31T13:14:29.135,93311781,T005,turn_left,normal,,14,594198,-0.1572,-0.228,0.9995,23.8,-20.69,-4.09,-2.97,8.85,-162.22,1.0372,31.8,8.85,IDLE,False,False,False,NORMAL,False,False
2026-08-31T13:14:29.248,93311890,T005,turn_left,normal,,15,594298,-0.1709,0.1094,1.0361,20.45,-26.67,14.53,1.46,7.51,-164.31,1.0558,36.61,7.51,IDLE,False,False,False,NORMAL,False,False
2026-08-31T13:14:29.336,93311984,T005,turn_left,normal,,16,594398,-0.0669,0.0649,1.0059,-2.75,-6.29,63.29,2.79,5.46,-161.17,1.0102,63.66,5.46,IDLE,False,False,False,NORMAL,False,False
2026-08-31T13:14:29.442,93312093,T005,turn_left,normal,,17,594498,-0.0288,-0.0723,1.0552,17.76,-1.83,43.52,3.1,4.5,-156.94,1.058,47.04,4.5,IDLE,False,False,False,NORMAL,False,False
2026-08-31T13:14:29.534,93312187,T005,turn_left,normal,,18,594598,0.0293,0.1924,1.061,-11.35,11.41,21.36,4.32,5.32,-154.7,1.0787,26.75,5.32,IDLE,False,False,False,NORMAL,False,False
2026-08-31T13:14:29.642,93312296,T005,turn_left,normal,,19,594698,-0.0435,0.1836,1.0854,2.93,13.73,4.15,3.56,5.53,-154.11,1.1017,14.64,5.53,IDLE,False,False,False,NORMAL,False,False
2026-08-31T13:14:29.733,93312375,T005,turn_left,normal,,20,594798,-0.1362,0.0806,0.9736,15.08,25.7,-17.4,5.12,7.42,-154.92,0.9864,34.5,7.42,IDLE,False,False,False,NORMAL,False,False
2026-08-31T13:14:29.843,93312484,T005,turn_left,normal,,21,594898,-0.313,0.0391,0.9111,2.32,51.88,-12.08,4.41,10.56,-156.71,0.9642,53.32,10.56,IDLE,False,False,False,NORMAL,False,False
2026-08-31T13:14:29.934,93312578,T005,turn_left,normal,,22,594998,-0.4131,-0.0322,0.8179,-9.22,101.44,-13.0,5.3,19.79,-156.3,0.9168,102.68,19.79,IDLE,False,False,False,NORMAL,False,False
2026-08-31T13:14:30.045,93312687,T005,turn_left,normal,,23,595098,-0.4946,0.0635,0.8281,-7.87,46.63,1.34,3.33,27.21,-156.62,0.9667,47.31,27.21,IDLE,False,False,False,NORMAL,False,False
2026-08-31T13:14:30.137,93312781,T005,turn_left,normal,,24,595198,-0.5659,0.0317,0.8462,0.06,54.87,-0.98,4.0,31.69,-156.3,1.0185,54.88,31.69,IDLE,False,False,False,NORMAL,False,False
2026-08-31T13:14:30.243,93312890,T005,turn_left,normal,,25,595298,-0.6382,-0.0107,0.7261,-3.66,50.23,5.13,3.51,36.68,-156.1,0.9667,50.63,36.68,IDLE,False,False,False,NORMAL,False,False
2026-08-31T13:14:30.334,93312984,T005,turn_left,normal,,26,595398,-0.5762,0.0874,0.7754,17.64,-52.37,22.34,5.02,37.0,-154.6,0.97,59.6,37.0,IDLE,False,False,False,NORMAL,False,False
2026-08-31T13:14:30.449,93313093,T005,turn_left,normal,,27,595525,-0.4722,0.1064,0.8774,-1.77,-100.1,5.74,6.69,29.65,-154.14,1.0021,100.28,29.65,IDLE,False,False,False,NORMAL,False,False
2026-08-31T13:14:30.538,93313187,T005,turn_left,normal,,28,595598,-0.3628,0.1528,1.0659,30.03,-57.92,17.33,7.39,21.04,-154.18,1.1363,67.51,21.04,IDLE,False,False,False,NORMAL,False,False
2026-08-31T13:14:30.644,93313296,T005,turn_left,normal,,29,595698,-0.2993,0.1787,0.9321,9.46,-46.33,18.55,9.88,16.18,-153.32,0.9952,50.79,16.18,IDLE,False,False,False,NORMAL,False,False
2026-08-31T13:14:30.734,93313375,T005,turn_left,normal,,30,595798,-0.2236,0.1772,0.9526,17.33,-55.85,24.23,11.07,11.15,-152.31,0.9945,63.3,11.15,IDLE,False,False,False,NORMAL,False,False
2026-08-31T13:14:30.849,93313500,T005,turn_left,normal,,31,595898,-0.0918,0.1987,0.9478,1.71,-53.83,11.35,12.04,5.79,-152.13,0.9727,55.04,12.04,IDLE,False,False,False,NORMAL,False,False
2026-08-31T13:14:30.933,93313578,T005,turn_left,normal,,32,595998,0.0225,0.2075,0.9692,0.98,-36.44,5.98,12.06,1.28,-152.39,0.9915,36.94,12.06,IDLE,False,False,False,NORMAL,False,False
2026-08-31T13:14:31.041,93313687,T005,turn_left,normal,,33,596098,0.0498,0.2451,0.9819,6.16,-22.16,0.67,12.6,-1.36,-152.77,1.0133,23.01,12.6,IDLE,False,False,False,NORMAL,False,False
2026-08-31T13:14:31.133,93313781,T005,turn_left,normal,,34,596198,0.0845,0.2471,1.0566,-8.73,-13.85,-12.02,12.4,-3.0,-154.0,1.0884,20.32,12.4,IDLE,False,False,False,NORMAL,False,False
2026-08-31T13:14:31.241,93313890,T005,turn_left,normal,,35,596298,0.1606,0.126,1.0503,-16.6,95.03,-42.11,10.11,-1.92,-154.43,1.0699,105.26,10.11,IDLE,False,False,False,NORMAL,False,False
2026-08-31T13:14:31.334,93313984,T005,turn_left,normal,,36,596398,-0.2383,0.1211,0.9155,5.43,128.85,-33.39,9.61,11.57,-157.91,0.9537,133.21,11.57,IDLE,False,False,False,NORMAL,False,False
2026-08-31T13:14:31.443,93314093,T005,turn_left,normal,,37,596488,-0.4297,0.1377,0.896,23.25,86.61,-4.58,10.83,20.51,-158.33,1.0032,89.79,20.51,IDLE,False,False,False,NORMAL,False,False
2026-08-31T13:14:31.515,93314156,T005,turn_left,normal,,38,596588,-0.4478,0.2144,0.8184,-8.79,41.32,4.82,11.59,25.98,-157.53,0.9572,42.52,25.98,IDLE,False,False,False,NORMAL,False,False
2026-08-31T13:14:31.643,93314296,T005,turn_left,normal,,39,596688,-0.4248,0.2109,0.8545,-11.78,26.12,-2.62,11.23,28.13,-156.59,0.9773,28.78,28.13,IDLE,False,False,False,NORMAL,False,False
2026-08-31T13:14:31.716,93314359,T005,turn_left,normal,,40,596788,-0.4219,0.2109,0.8081,17.7,20.87,-11.96,11.9,29.94,-157.12,0.9357,29.87,29.94,IDLE,False,False,False,NORMAL,False,False
2026-08-31T13:14:31.841,93314484,T005,turn_left,normal,,41,596888,-0.4424,0.1382,0.835,-8.61,-23.74,8.06,11.55,29.71,-157.94,0.955,26.51,29.71,IDLE,False,False,False,NORMAL,False,False
2026-08-31T13:14:31.916,93314562,T005,turn_left,normal,,42,596988,-0.439,0.1958,0.9858,-13.92,-48.46,23.01,11.31,25.16,-156.69,1.0968,55.42,25.16,IDLE,False,False,False,NORMAL,False,False
2026-08-31T13:14:32.041,93314687,T005,turn_left,normal,,43,597088,-0.3784,0.2095,1.0083,-19.59,-28.32,18.68,9.48,20.27,-155.31,1.0972,39.18,20.27,IDLE,False,False,False,NORMAL,False,False
2026-08-31T13:14:32.115,93314765,T005,turn_left,normal,,44,597188,-0.2988,0.1226,0.8804,-24.78,-47.85,24.35,8.1,16.56,-153.54,0.9377,59.13,16.56,IDLE,False,False,False,NORMAL,False,False
2026-08-31T13:14:32.243,93314890,T005,turn_left,normal,,45,597288,-0.2036,0.0654,1.0366,-24.72,-32.23,11.05,5.59,11.8,-151.86,1.0585,42.09,11.8,IDLE,False,False,False,NORMAL,False,False
2026-08-31T13:14:32.313,93314968,T005,turn_left,normal,,46,597388,-0.1465,0.0796,0.9785,-8.36,-44.92,37.96,4.84,7.88,-149.51,0.9926,59.41,7.88,IDLE,False,False,False,NORMAL,False,False
2026-08-31T13:14:32.440,93315093,T005,turn_left,normal,,47,597488,-0.0337,0.0869,0.9937,-6.29,-32.71,41.69,4.86,3.69,-146.16,0.998,53.36,4.86,IDLE,False,False,False,NORMAL,False,False
2026-08-31T13:14:32.514,93315156,T005,turn_left,normal,,48,597588,0.0088,0.0688,1.0718,-2.26,3.05,31.92,4.44,2.13,-142.9,1.074,32.15,4.44,IDLE,False,False,False,NORMAL,False,False
2026-08-31T13:14:32.640,93315281,T005,turn_left,normal,,49,597688,-0.1519,-0.0156,1.1045,8.3,71.84,44.01,4.63,5.68,-140.25,1.115,84.65,5.68,IDLE,False,False,False,NORMAL,False,False
2026-08-31T13:14:32.714,93315359,T005,turn_left,normal,,50,597788,-0.2852,0.0161,0.9316,19.35,125.18,70.8,8.36,15.5,-133.19,0.9744,145.11,15.5,IDLE,False,False,False,NORMAL,False,False
2026-08-31T13:14:32.840,93315484,T005,turn_left,normal,,51,597888,-0.4238,0.2314,0.8662,25.33,79.53,53.1,11.91,24.19,-126.72,0.9917,98.92,24.19,IDLE,False,False,False,NORMAL,False,False
2026-08-31T13:14:32.916,93315562,T005,turn_left,normal,,52,597988,-0.5239,0.2207,0.8057,37.6,73.3,12.02,18.21,30.38,-122.4,0.9861,83.26,30.38,IDLE,False,False,False,NORMAL,False,False
2026-08-31T13:14:33.040,93315687,T005,turn_left,normal,,53,598088,-0.4341,0.3066,0.7139,-7.93,1.22,57.98,21.46,31.74,-117.71,0.89,58.54,31.74,IDLE,False,False,False,NORMAL,False,False
2026-08-31T13:14:33.117,93315765,T005,turn_left,normal,,54,598188,-0.4438,0.3462,0.7402,-24.96,-11.41,9.4,21.06,30.43,-116.41,0.9299,29.01,30.43,IDLE,False,False,False,NORMAL,False,False
2026-08-31T13:14:33.240,93315890,T005,turn_left,normal,,55,598288,-0.4956,0.2847,0.8374,-42.11,-24.17,10.5,17.74,27.74,-116.82,1.0139,49.68,27.74,IDLE,False,False,False,NORMAL,False,False
2026-08-31T13:14:33.313,93315968,T005,turn_left,normal,,56,598388,-0.415,0.2817,0.8833,-21.06,-36.01,20.26,16.37,24.52,-116.44,1.0158,46.38,24.52,IDLE,False,False,False,NORMAL,False,False
2026-08-31T13:14:33.443,93316093,T005,turn_left,normal,,57,598488,-0.3594,0.2178,0.9121,-23.5,-28.63,17.46,15.1,21.21,-116.01,1.0043,40.94,21.21,IDLE,False,False,False,NORMAL,False,False
2026-08-31T13:14:33.514,93316156,T005,turn_left,normal,,58,598588,-0.2847,0.251,0.9448,-22.64,-34.48,38.02,13.45,17.56,-114.48,1.0182,56.11,17.56,IDLE,False,False,False,NORMAL,False,False
2026-08-31T13:14:33.641,93316296,T005,turn_left,normal,,59,598688,-0.2612,0.2349,0.9688,-14.4,-15.32,33.81,13.03,14.62,-112.07,1.0305,39.82,14.62,IDLE,False,False,False,NORMAL,False,False
2026-08-31T13:14:33.714,93316359,T005,turn_left,normal,,60,598788,-0.249,0.2646,0.957,-1.22,-12.82,38.33,13.06,12.45,-109.66,1.0237,40.43,13.06,IDLE,False,False,False,NORMAL,False,False
2026-08-31T13:14:33.848,93316500,T005,turn_left,normal,,61,598888,-0.1841,0.2251,0.9497,-6.77,3.48,27.89,12.81,11.41,-107.61,0.9932,28.91,12.81,IDLE,False,False,False,NORMAL,False,False
2026-08-31T13:14:33.919,93316562,T005,turn_left,normal,,62,598988,-0.1973,0.2173,0.9624,0.06,3.72,4.09,12.86,11.73,-106.51,1.0062,5.53,12.86,IDLE,False,False,False,NORMAL,False,False
2026-08-31T13:14:34.042,93316687,T005,turn_left,normal,,63,599088,-0.1953,0.2056,0.9663,-11.6,-27.4,5.49,12.45,11.0,-107.03,1.0071,30.26,12.45,IDLE,False,False,False,NORMAL,False,False
2026-08-31T13:14:34.115,93316765,T005,turn_left,normal,,64,599188,-0.144,0.144,0.9917,-13.37,-40.89,-2.69,10.8,7.61,-108.35,1.0124,43.11,10.8,IDLE,False,False,False,NORMAL,False,False
2026-08-31T13:14:34.242,93316890,T005,turn_left,normal,,65,599288,-0.0859,0.1997,0.9844,15.38,-19.53,9.64,11.18,4.32,-109.17,1.0081,26.67,11.18,IDLE,False,False,False,NORMAL,False,False
2026-08-31T13:14:34.313,93316953,T005,turn_left,normal,,66,599388,-0.1201,0.165,1.0483,5.74,28.32,26.86,12.3,4.07,-108.53,1.068,39.45,12.3,IDLE,False,False,False,NORMAL,False,False
2026-08-31T13:14:34.443,93317093,T005,turn_left,normal,,67,599488,-0.1304,0.2354,0.9893,-1.4,82.82,13.55,12.47,9.3,-105.7,1.0252,83.94,12.47,IDLE,False,False,False,NORMAL,False,False
2026-08-31T13:14:34.513,93317156,T005,turn_left,normal,,68,599588,-0.2603,0.2515,0.9077,2.26,77.58,0.37,12.98,16.55,-104.17,0.9772,77.61,16.55,IDLE,False,False,False,NORMAL,False,False
2026-08-31T13:14:34.644,93317296,T005,turn_left,normal,,69,599688,-0.4463,0.2144,0.9688,-15.32,32.04,11.6,13.65,21.74,-103.6,1.0879,37.36,21.74,IDLE,False,False,False,NORMAL,False,False
2026-08-31T13:14:34.714,93317359,T005,turn_left,normal,,70,599778,-0.4639,0.1919,0.8813,-8.36,22.16,22.58,14.33,23.79,-102.32,1.0143,32.72,23.79,IDLE,False,False,False,NORMAL,False,False
2026-08-31T13:14:34.845,93317500,T005,turn_left,normal,,71,599878,-0.4434,0.2334,0.8325,-16.66,32.23,29.6,13.94,25.87,-99.93,0.9717,46.82,25.87,IDLE,False,False,False,NORMAL,False,False
2026-08-31T13:14:34.915,93317562,T005,turn_left,normal,,72,599978,-0.4653,0.2246,0.8149,-11.66,23.86,34.06,14.36,28.14,-96.88,0.9649,43.19,28.14,IDLE,False,False,False,NORMAL,False,False
2026-08-31T13:14:35.041,93317687,T005,turn_left,normal,,73,600078,-0.4248,0.2212,0.7705,-25.02,2.93,34.48,15.07,28.32,-93.3,0.9072,42.71,28.32,IDLE,False,False,False,NORMAL,False,False
2026-08-31T13:14:35.115,93317765,T005,turn_left,normal,,74,600178,-0.2959,0.1885,0.772,-65.86,-81.12,31.86,13.02,24.09,-90.49,0.848,109.23,24.09,IDLE,False,False,False,NORMAL,False,False
2026-08-31T13:14:35.245,93317890,T005,turn_left,normal,,75,600278,-0.1953,0.1807,1.0601,-68.79,-102.42,15.56,6.81,13.41,-90.02,1.0929,124.35,13.41,IDLE,False,False,False,NORMAL,False,False
2026-08-31T13:14:35.316,93317968,T005,turn_left,normal,,76,600378,-0.085,0.1235,1.0737,2.01,-45.84,-3.42,4.28,5.89,-90.23,1.0841,46.01,5.89,IDLE,False,False,False,NORMAL,False,False
2026-08-31T13:14:35.453,93318093,T005,turn_left,normal,,77,600478,-0.0322,0.0981,1.0312,4.46,-15.44,-8.67,5.16,3.23,-91.4,1.0364,18.26,5.16,IDLE,False,False,False,NORMAL,False,False
2026-08-31T13:14:35.507,93318156,T005,turn_left,normal,,78,600578,-0.0518,0.0684,1.042,2.08,-31.13,-5.49,5.65,1.06,-93.44,1.0455,31.68,5.65,IDLE,False,False,False,NORMAL,False,False
2026-08-31T13:14:35.641,93318281,T005,turn_left,normal,,79,600678,-0.0264,0.1099,1.0718,21.18,18.31,-0.98,6.65,0.39,-94.81,1.0777,28.01,6.65,IDLE,False,False,False,NORMAL,False,False
2026-08-31T13:14:35.707,93318359,T005,turn_left,normal,,80,600778,-0.1099,0.1226,1.0122,35.64,75.38,-5.55,9.7,5.5,-95.54,1.0255,83.57,9.7,IDLE,False,False,False,NORMAL,False,False
2026-08-31T13:14:35.843,93318484,T005,turn_left,normal,,81,600878,-0.2241,0.1553,0.9463,2.01,84.59,3.42,12.16,13.26,-95.18,0.9848,84.69,13.26,IDLE,False,False,False,NORMAL,False,False
2026-08-31T13:14:35.907,93318562,T005,turn_left,normal,,82,600978,-0.3457,0.1992,0.9033,-3.91,77.21,4.09,11.37,20.97,-95.23,0.9875,77.42,20.97,IDLE,False,False,False,NORMAL,False,False
2026-08-31T13:14:36.040,93318687,T005,turn_left,normal,,83,601078,-0.4194,0.1973,0.7983,5.62,29.6,10.99,11.84,25.99,-94.86,0.9231,32.07,25.99,IDLE,False,False,False,NORMAL,False,False
2026-08-31T13:14:36.107,93318750,T005,turn_left,normal,,84,601178,-0.3994,0.207,0.7876,-7.57,-24.35,19.9,12.74,25.52,-93.8,0.907,32.35,25.52,IDLE,False,False,False,NORMAL,False,False
2026-08-31T13:14:36.241,93318890,T005,turn_left,normal,,85,601278,-0.3374,0.1914,0.8901,-28.69,-36.8,7.08,11.09,22.26,-93.4,0.971,47.2,22.26,IDLE,False,False,False,NORMAL,False,False
2026-08-31T13:14:36.314,93318968,T005,turn_left,normal,,86,601378,-0.2905,0.1113,0.9316,-21.24,-59.27,10.56,8.51,17.58,-93.78,0.9822,63.84,17.58,IDLE,False,False,False,NORMAL,False,False
2026-08-31T13:14:36.446,93319093,T005,turn_left,normal,,87,601478,-0.1904,0.1025,0.9712,-28.56,-64.15,3.97,5.19,11.52,-94.57,0.995,70.33,11.52,IDLE,False,False,False,NORMAL,False,False
2026-08-31T13:14:36.513,93319156,T005,turn_left,normal,,88,601578,-0.0972,0.0498,1.019,-18.92,-74.22,5.86,3.13,4.3,-94.73,1.0249,76.82,4.3,IDLE,False,False,False,NORMAL,False,False
2026-08-31T13:14:36.642,93319296,T005,turn_left,normal,,89,601678,0.0215,0.0259,1.0752,-9.52,-34.73,2.08,1.77,-1.12,-94.73,1.0757,36.07,1.77,IDLE,False,False,False,NORMAL,False,False
2026-08-31T13:14:36.713,93319359,T005,turn_left,normal,,90,601778,0.0347,0.0054,1.1147,4.46,4.52,-2.44,1.53,-2.55,-95.21,1.1153,6.8,2.55,IDLE,False,False,False,NORMAL,False,False
2026-08-31T13:14:36.849,93319500,T005,turn_left,normal,,91,601878,0.042,0.0073,1.062,19.1,70.01,-24.35,3.04,1.6,-97.08,1.0629,76.54,3.04,IDLE,False,False,False,NORMAL,False,False
2026-08-31T13:14:36.915,93319562,T005,turn_left,normal,,92,601978,-0.1011,0.0156,0.9805,24.05,54.57,-33.08,4.67,7.47,-100.89,0.9858,68.19,7.47,IDLE,False,False,False,NORMAL,False,False
2026-08-31T13:14:37.040,93319687,T005,turn_left,normal,,93,602078,-0.1201,0.0576,0.9585,11.17,10.93,-68.05,5.4,10.5,-106.86,0.9677,69.82,10.5,IDLE,False,False,False,NORMAL,False,False
2026-08-31T13:14:37.115,93319765,T005,turn_left,normal,,94,602178,-0.1655,-0.0029,1.0195,-7.69,-27.71,-76.11,3.95,9.47,-114.93,1.0329,81.36,9.47,IDLE,False,False,False,NORMAL,False,False
2026-08-31T13:14:37.242,93319890,T005,turn_left,normal,,95,602278,-0.1611,0.0176,0.9727,-21.85,-25.02,-54.38,0.29,7.22,-122.05,0.9861,63.73,7.22,IDLE,False,False,False,NORMAL,False,False
2026-08-31T13:14:37.315,93319968,T005,turn_left,normal,,96,602378,-0.2271,0.0571,0.8608,18.86,-15.75,-9.64,-0.34,6.31,-125.45,0.8921,26.39,6.31,IDLE,False,False,False,NORMAL,False,False
2026-08-31T13:14:37.442,93320093,T005,turn_left,normal,,97,602478,-0.1528,0.0923,0.9448,-3.23,11.6,-30.4,-0.18,6.45,-127.5,0.9615,32.69,6.45,IDLE,False,False,False,NORMAL,False,False
2026-08-31T13:14:37.515,93320156,T005,turn_left,normal,,98,602578,-0.145,0.0327,1.0166,4.94,-3.6,-31.31,-0.16,6.76,-129.52,1.0274,31.9,6.76,IDLE,False,False,False,NORMAL,False,False
2026-08-31T13:14:37.642,93320296,T005,turn_left,normal,,99,602678,-0.0342,0.002,0.9561,-12.88,11.17,-50.6,-1.1,8.0,-133.54,0.9567,53.39,8.0,IDLE,False,False,False,NORMAL,False,False
2026-08-31T13:14:37.694,93320343,T005,turn_left,normal,,100,602768,-0.1313,0.043,0.959,-6.04,35.77,-82.46,-2.67,8.61,-139.86,0.9689,90.08,8.61,IDLE,False,False,False,NORMAL,False,False
2026-08-31T13:14:37.842,93320484,T005,turn_left,normal,,101,602868,-0.0376,0.0312,0.9761,40.04,12.15,-156.8,-2.04,10.5,-152.5,0.9773,162.29,10.5,IDLE,False,False,False,NORMAL,False,False
2026-08-31T13:14:37.895,93320546,T005,turn_left,normal,,102,602968,-0.1079,0.0439,1.0938,55.6,14.16,-148.93,1.12,9.92,-167.07,1.0999,159.6,9.92,IDLE,False,False,False,NORMAL,False,False
2026-08-31T13:14:38.041,93320687,T005,turn_left,normal,,103,603068,-0.2129,-0.0752,1.0728,24.78,14.65,-120.61,3.53,11.5,-178.61,1.0963,123.99,11.5,IDLE,False,False,False,NORMAL,False,False
2026-08-31T13:14:38.093,93320734,T005,turn_left,normal,,104,603168,-0.2183,0.0039,0.915,3.72,17.52,-66.77,2.21,13.65,174.16,0.9407,69.13,13.65,IDLE,False,False,False,NORMAL,False,False
2026-08-31T13:14:38.241,93320890,T005,turn_left,normal,,105,603268,-0.2021,0.0151,0.9663,27.95,-5.74,-33.45,2.54,13.78,171.05,0.9873,43.97,13.78,IDLE,False,False,False,NORMAL,False,False
2026-08-31T13:14:38.294,93320937,T005,turn_left,normal,,106,603368,-0.2119,0.0728,0.9224,9.34,-7.14,-47.36,2.33,13.08,168.15,0.9492,48.8,13.08,IDLE,False,False,False,NORMAL,False,False
2026-08-31T13:14:38.441,93321093,T005,turn_left,normal,,107,603468,-0.2329,0.0771,0.9355,55.36,-38.51,-43.58,4.77,10.71,165.18,0.9672,80.29,10.71,IDLE,False,False,False,NORMAL,False,False
2026-08-31T13:14:38.495,93321140,T005,turn_left,normal,,108,603568,-0.2822,0.0264,0.9561,-13.06,1.22,-38.45,5.43,9.44,163.65,0.9972,40.63,9.44,IDLE,False,False,False,NORMAL,False,False
2026-08-31T13:14:38.640,93321281,T005,turn_left,normal,,109,603668,-0.3003,-0.0933,1.0024,-12.33,15.01,-11.47,3.46,11.07,163.88,1.0506,22.56,11.07,IDLE,False,False,False,NORMAL,False,False
2026-08-31T13:14:38.694,93321343,T005,turn_left,normal,,110,603768,-0.1729,0.0298,1.0415,-21.06,-2.99,1.34,0.63,11.55,165.29,1.0562,21.31,11.55,IDLE,False,False,False,NORMAL,False,False
2026-08-31T13:14:38.841,93321484,T005,turn_left,normal,,111,603868,-0.1626,-0.0161,1.0977,-9.83,6.35,-3.72,-0.92,11.46,167.13,1.1098,12.28,11.46,IDLE,False,False,False,NORMAL,False,False
2026-08-31T13:14:38.894,93321546,T005,turn_left,normal,,112,603968,-0.2036,-0.0103,1.0269,-2.62,15.26,-2.2,-1.44,12.47,168.67,1.0469,15.64,12.47,IDLE,False,False,False,NORMAL,False,False
2026-08-31T13:14:39.043,93321687,T005,turn_left,normal,,113,604068,-0.3394,-0.1675,1.0088,-9.16,53.04,8.42,-2.03,16.0,170.21,1.0774,54.48,16.0,IDLE,False,False,False,NORMAL,False,False
2026-08-31T13:14:39.093,93321734,T005,turn_left,normal,,114,604168,-0.2739,0.001,0.7222,-9.22,-22.89,44.13,-3.26,18.46,174.45,0.7724,50.56,18.46,IDLE,False,False,False,NORMAL,False,False
2026-08-31T13:14:39.241,93321890,T005,turn_left,normal,,115,604268,-0.1816,0.0767,1.1387,6.41,-31.98,-23.62,-1.6,13.91,176.35,1.1556,40.27,13.91,IDLE,False,False,False,NORMAL,False,False
2026-08-31T13:14:39.294,93321937,T005,turn_left,normal,,116,604368,-0.2915,-0.1436,0.9722,1.1,13.49,-2.38,-3.4,14.61,176.27,1.025,13.74,14.61,IDLE,False,False,False,NORMAL,False,False
2026-08-31T13:14:39.442,93322093,T005,turn_left,normal,,117,604468,-0.2402,0.0708,1.0576,60.12,-36.19,-19.9,-0.02,12.3,175.4,1.0869,72.94,12.3,IDLE,False,False,False,NORMAL,False,False
2026-08-31T13:14:39.494,93322140,T005,turn_left,normal,,118,604568,-0.1777,0.0996,0.8794,-5.25,5.98,-15.01,1.53,10.63,174.23,0.9027,16.99,10.63,IDLE,False,False,False,NORMAL,False,False
2026-08-31T13:14:39.640,93322281,T005,turn_left,normal,,119,604668,-0.127,-0.0371,1.0264,3.48,-33.51,11.23,0.68,9.07,177.27,1.0349,35.51,9.07,IDLE,False,False,False,NORMAL,False,False
2026-08-31T13:14:39.694,93322343,T005,turn_left,normal,,120,604768,-0.1182,0.0654,0.9844,22.52,3.72,11.41,2.69,8.21,179.32,0.9936,25.52,8.21,IDLE,False,False,False,NORMAL,False,False
2026-08-31T13:14:39.846,93322500,T005,turn_left,normal,,121,604868,-0.1489,0.0713,0.9897,2.87,7.93,-1.59,3.88,8.89,-179.09,1.0034,8.59,8.89,IDLE,False,False,False,NORMAL,False,False
2026-08-31T13:14:39.890,93322531,T005,turn_left,normal,,122,604968,-0.1768,0.0708,0.9932,3.54,4.39,-4.21,4.14,9.65,-178.41,1.0113,7.04,9.65,IDLE,False,False,False,NORMAL,False,False
2026-08-31T13:14:40.040,93322687,T005,turn_left,normal,,123,605068,-0.1772,0.0938,0.9736,1.46,-2.01,-11.54,4.49,9.81,-178.27,0.9941,11.8,9.81,IDLE,False,False,False,NORMAL,False,False
2026-08-31T13:14:40.090,93322734,T005,turn_left,normal,,124,605168,-0.1787,0.0908,0.9829,3.36,-3.42,-11.54,4.61,9.64,-178.4,1.0031,12.49,9.64,IDLE,False,False,False,NORMAL,False,False
2026-08-31T13:14:40.243,93322890,T005,turn_left,normal,,125,605268,-0.1636,0.1011,0.9775,3.97,6.04,-7.63,4.86,9.55,-178.63,0.9963,10.51,9.55,IDLE,False,False,False,NORMAL,False,False
2026-08-31T13:14:40.290,93322937,T005,turn_left,normal,,126,605368,-0.1787,0.0786,0.9902,-3.3,1.28,-1.89,4.75,10.09,-178.12,1.0093,4.01,10.09,IDLE,False,False,False,NORMAL,False,False
2026-08-31T13:14:40.450,93323093,T005,turn_left,normal,,127,605468,-0.1943,0.082,0.9854,-1.89,2.5,-0.49,4.54,10.44,-177.41,1.0077,3.18,10.44,IDLE,False,False,False,NORMAL,False,False
2026-08-31T13:14:40.490,93323140,T005,turn_left,normal,,128,605568,-0.1812,0.0835,0.9814,2.38,-3.48,1.65,4.53,10.42,-176.54,1.0015,4.53,10.42,IDLE,False,False,False,NORMAL,False,False
2026-08-31T13:14:40.640,93323281,T005,turn_left,normal,,129,605668,-0.1758,0.0894,0.981,0.92,-0.06,0.67,4.72,10.25,-175.67,1.0006,1.14,10.25,IDLE,False,False,False,NORMAL,False,False
2026-08-31T13:14:40.690,93323343,T005,turn_left,normal,,130,605768,-0.1807,0.0859,0.9819,1.46,1.71,-1.04,4.81,10.34,-174.98,1.0021,2.48,10.34,IDLE,False,False,False,NORMAL,False,False
2026-08-31T13:14:40.840,93323484,T005,turn_left,normal,,131,605868,-0.188,0.0923,0.9775,-0.79,4.52,-0.06,4.94,10.56,-174.41,0.9997,4.59,10.56,IDLE,False,False,False,NORMAL,False,False
2026-08-31T13:14:40.890,93323531,T005,turn_left,normal,,132,605968,-0.1855,0.084,0.9819,-4.88,-7.14,2.26,4.71,10.5,-173.75,1.0028,8.94,10.5,IDLE,False,False,False,NORMAL,False,False
2026-08-31T13:14:41.042,93323687,T005,turn_left,normal,,133,606058,-0.1812,0.0933,0.9805,1.71,2.44,0.18,4.67,10.27,-172.98,1.0014,2.99,10.27,IDLE,False,False,False,NORMAL,False,False
2026-08-31T13:14:41.090,93323734,T005,turn_left,normal,,134,606158,-0.1694,0.0825,0.9824,-1.04,-1.65,0.18,4.68,10.25,-172.38,1.0003,1.96,10.25,IDLE,False,False,False,NORMAL,False,False
2026-08-31T13:14:41.241,93323890,T005,turn_left,normal,,135,606258,-0.1777,0.0952,0.9741,-4.15,1.71,-0.98,4.59,10.34,-171.92,0.9948,4.59,10.34,IDLE,False,False,False,NORMAL,False,False
2026-08-31T13:14:41.290,93323937,T005,turn_left,normal,,136,606358,-0.1919,0.0781,0.9824,1.1,-1.34,0.92,4.33,10.48,-171.41,1.004,1.96,10.48,IDLE,False,False,False,NORMAL,False,False
