path,samples,dropped,resets,rate_hz,max_gap_ms,fifo_overflow_max,finger_fraction,valid_fraction,clipped_fraction,mean_sqi,mean_hr_bpm,mean_spo2_pct,hr_mae,spo2_mae,trial_id,label,expected_state,action_marked
ppg_20260831_205613_531_P001_no_finger.csv,441,0,0,25.0,50.0,0,0.0,0.0,0.0,0.0,,,,,P001,no_finger,NO_FINGER,True
ppg_20260831_205640_035_P002_finger_still.csv,1449,0,0,25.0,50.0,0,1.0,0.8536922015182885,0.0,0.8026797791580401,74.03157639450282,97.76025869037996,,,P002,finger_still,VALID,True
ppg_20260831_205748_163_P003_finger_reposition.csv,1258,0,0,25.0,50.0,0,0.6987281399046105,0.1041335453100159,0.0,0.26254236883942766,71.97938931297709,97.63709923664123,,,P003,finger_reposition,TRANSITION,True
ppg_20260831_205844_188_P004_light_pressure.csv,790,0,0,25.0,50.0,0,1.0,0.7468354430379747,0.0,0.6507477215189873,88.81405084745762,93.49322033898305,,,P004,light_pressure,QUALITY,True
ppg_20260831_205928_659_P005_normal_pressure.csv,1642,0,0,25.0,50.0,0,1.0,0.8172959805115713,0.0,0.6425740560292327,75.63408345752609,95.2970044709389,,,P005,normal_pressure,VALID,True
ppg_20260831_210039_139_P006_heavy_pressure.csv,1144,0,0,25.0,50.0,0,1.0,0.17482517482517482,0.0,0.27403758741258744,65.62615,87.67,,,P006,heavy_pressure,QUALITY,True
ppg_20260831_210128_412_P007_finger_motion.csv,1026,0,0,25.0,50.0,0,1.0,0.6423001949317739,0.0,0.803748440545809,73.8314871016692,94.05212443095598,,,P007,finger_motion,MOTION,True
ppg_20260831_210215_581_P008_cane_motion.csv,1035,0,0,25.0,50.0,0,1.0,0.8067632850241546,0.0,0.7456228019323672,70.14736526946108,96.20880239520957,,,P008,cane_motion,MOTION,True
ppg_20260831_210302_924_P009_ambient_light.csv,1234,0,0,25.0,50.0,0,1.0,0.9189627228525121,0.0,0.8658809562398704,76.94330687830688,97.59246913580247,,,P009,ambient_light,QUALITY,True
ppg_20260831_210615_808_P010_post_exercise_recovery.csv,5290,0,0,25.0,50.0,0,1.0,0.8926275992438564,0.0,0.8916835538752363,69.74322532825074,97.47742481999154,,,P010,post_exercise_recovery,VALID,True
ppg_20260831_212305_300_P011_rhythm_normal.csv,4080,0,0,25.0,50.0,0,0.9877450980392157,0.7955882352941176,0.0,0.8584526715686274,82.19904189772028,98.01138940234134,,,P011,rhythm_normal,NORMAL,True
ppg_20260831_215503_864_P012_finger_still.csv,1455,0,0,25.0,50.0,0,1.0,0.650171821305842,0.0,0.5558176632302405,103.58355179704017,91.90988372093024,,,P012,finger_still,VALID,True
ppg_20260831_215604_627_P013_finger_still.csv,1465,0,0,25.0,50.0,0,1.0,1.0,0.0,0.7267386348122867,78.13229351535836,91.89182252559726,,,P013,finger_still,VALID,True
ppg_20260831_215724_412_P014_finger_still.csv,1187,0,0,25.0,50.0,0,1.0,0.7632687447346251,0.0,0.6569356360572873,77.94762693156733,94.7671412803532,,,P014,finger_still,VALID,True
ppg_20260831_215823_411_P015_finger_still.csv,1738,0,0,25.0,50.0,0,1.0,0.7151898734177216,0.0,0.7012088032220943,94.52034593724859,95.86049879324214,,,P015,finger_still,VALID,True
ppg_20260831_220030_123_P016_normal_pressure.csv,1644,0,0,25.0,50.0,0,1.0,1.0,0.0,0.8023460462287105,89.21824209245743,97.62,,,P016,normal_pressure,VALID,True
ppg_20260831_220138_211_P017_normal_pressure.csv,1421,0,0,25.0,50.0,0,1.0,1.0,0.0,0.8111833216045038,74.90295566502463,96.5347642505278,,,P017,normal_pressure,VALID,True
ppg_20260831_220238_419_P018_normal_pressure.csv,1479,0,0,25.0,50.0,0,1.0,1.0,0.0,0.7058231913455036,68.59470588235294,97.32798512508451,,,P018,normal_pressure,VALID,True
ppg_20260831_220350_564_P019_light_pressure.csv,900,0,0,25.0,50.0,0,1.0,0.47333333333333333,0.0,0.5093906666666667,82.44185446009391,96.74511737089202,,,P019,light_pressure,QUALITY,True
ppg_20260831_220428_692_P020_light_pressure.csv,880,0,0,25.0,50.0,0,1.0,0.31931818181818183,0.0,0.43308897727272727,84.75259786476869,91.6408896797153,,,P020,light_pressure,QUALITY,True
ppg_20260831_220532_706_P021_light_pressure.csv,1050,0,0,25.0,50.0,0,1.0,0.959047619047619,0.0,0.7316240952380952,97.22380337636544,90.51291956305859,,,P021,light_pressure,QUALITY,True
ppg_20260831_220622_091_P022_heavy_pressure.csv,930,0,0,25.0,50.0,0,1.0,0.11827956989247312,0.0,0.18336612903225805,68.09,94.08181818181818,,,P022,heavy_pressure,QUALITY,True
ppg_20260831_220702_467_P023_heavy_pressure.csv,920,0,0,25.0,50.0,0,1.0,0.3010869565217391,0.0,0.6002597826086957,72.22859205776173,97.89942238267147,,,P023,heavy_pressure,QUALITY,True
ppg_20260831_220746_691_P024_heavy_pressure.csv,1050,0,0,25.0,50.0,0,1.0,0.6190476190476191,0.0,0.542371238095238,85.38836923076923,86.06772307692307,,,P024,heavy_pressure,QUALITY,True
ppg_20260831_220859_637_P025_finger_motion.csv,811,0,0,25.0,50.0,0,1.0,0.8372379778051788,0.0,0.6956017262638718,71.38478645066273,95.58337260677467,,,P025,finger_motion,MOTION,True
ppg_20260831_220934_283_P026_finger_motion.csv,910,0,0,25.0,50.0,0,0.9802197802197802,0.6428571428571429,0.0,0.6067970329670329,65.2579658119658,94.23924786324787,,,P026,finger_motion,MOTION,True
ppg_20260831_221012_796_P027_finger_motion.csv,956,0,0,25.0,50.0,0,0.9989539748953975,0.8943514644351465,0.0,0.6486905857740586,65.04022222222223,95.91988304093567,,,P027,finger_motion,MOTION,True
ppg_20260831_221055_050_P028_finger_motion.csv,988,0,0,25.0,50.0,0,1.0,1.0,0.0,0.7095055668016194,68.25987854251012,93.5235020242915,,,P028,finger_motion,MOTION,True
ppg_20260831_221147_827_P029_cane_motion.csv,749,0,0,25.0,50.0,0,1.0,1.0,0.0,0.7025817089452604,79.3790253671562,95.80789052069426,,,P029,cane_motion,MOTION,True
ppg_20260831_221220_139_P030_cane_motion.csv,1049,0,0,25.0,50.0,0,1.0,1.0,0.0,0.7152579599618684,89.32228789323165,97.23324118207817,,,P030,cane_motion,MOTION,True
ppg_20260831_221305_291_P031_cane_motion.csv,631,0,0,25.0,50.0,0,1.0,1.0,0.0,0.7114868462757528,81.00061806656102,93.16700475435816,,,P031,cane_motion,MOTION,True
ppg_20260831_221333_107_P032_cane_motion.csv,804,0,0,25.0,50.0,0,1.0,0.4689054726368159,0.0,0.75756592039801,80.11,98.32814323607427,,,P032,cane_motion,MOTION,True
ppg_20260831_221408_420_P033_cane_motion.csv,840,0,0,25.0,50.0,0,1.0,0.8273809523809523,0.0,0.7814294047619048,83.08984172661872,98.34503597122303,,,P033,cane_motion,MOTION,True
ppg_20260831_221444_564_P034_cane_motion.csv,818,0,0,25.0,50.0,0,1.0,0.7665036674816625,0.0,0.72479706601467,74.47489633173844,98.07677830940989,,,P034,cane_motion,MOTION,True
ppg_20260831_221519_672_P035_cane_motion.csv,750,0,0,25.0,50.0,0,1.0,0.8666666666666667,0.0,0.7591030666666667,71.85981538461539,97.08836923076923,,,P035,cane_motion,MOTION,True
ppg_20260831_221608_722_P036_rhythm_normal.csv,1419,0,0,25.0,50.0,0,1.0,0.875968992248062,0.0,0.8789872445384073,85.51740949316171,98.20476267095736,,,P036,rhythm_normal,NORMAL,False
ppg_20260831_221717_387_P037_rhythm_normal.csv,1470,0,0,25.0,50.0,0,1.0,0.9163265306122449,0.0,0.8419285714285715,83.96458054936896,96.32789903489235,,,P037,rhythm_normal,NORMAL,True
ppg_20260831_221818_955_P038_rhythm_normal.csv,1185,0,0,25.0,50.0,0,1.0,1.0,0.0,0.9284902109704641,77.5622447257384,96.65793248945147,,,P038,rhythm_normal,NORMAL,True
ppg_20260831_221920_692_P039_rhythm_normal.csv,1315,0,0,25.0,50.0,0,1.0,0.7703422053231939,0.0,0.8956638022813689,78.08367226061203,96.85593287265547,,,P039,rhythm_normal,NORMAL,True
ppg_20260831_222016_923_P040_rhythm_normal.csv,1564,0,0,25.0,50.0,0,0.8478260869565217,0.6521739130434783,0.0,0.7087149616368287,85.33342156862744,98.32162745098039,,,P040,rhythm_normal,NORMAL,True
ppg_20260831_225624_976_P041_rhythm_normal.csv,3293,0,0,25.0,50.0,0,0.911630731855451,0.6981475857880353,0.0,0.805863012450653,66.2707003044802,97.97299695519791,,,P041,rhythm_normal,NORMAL,True
ppg_20260831_225901_236_P042_rhythm_normal.csv,2170,0,0,25.0,50.0,0,0.9262672811059908,0.6474654377880185,0.0,0.7921671889400922,69.95760854092526,98.5323487544484,,,P042,rhythm_normal,NORMAL,True
ppg_20260831_230038_061_P043_rhythm_normal.csv,1868,0,0,25.0,50.0,0,0.936830835117773,0.43147751605995716,0.0,0.7546661670235546,69.73165012406947,98.31302729528537,,,P043,rhythm_normal,NORMAL,True
