file,trial_id,label,expected_state,t_ms,beat_count,sqi,gate_passed,probability_af,raw_af_like,replayed_state,q_ibi_cv,q_rmssd_ratio,q_pnn50,q_max_jump_ratio,q_signal_quality,q_hr_out_of_range
C:\Users\LEGION\Desktop\SmartCane_实机调试\SmartCane\验收材料\MAX30102与节律筛查验收\01-采集数据\第1轮-场景采集-P001至P011\ppg_20260831_205640_035_P002_finger_still.csv,P002,finger_still,VALID,603047,12,0.9347,True,0.846495088328351,False,INCONCLUSIVE,114,127,81,127,119,0
C:\Users\LEGION\Desktop\SmartCane_实机调试\SmartCane\验收材料\MAX30102与节律筛查验收\01-采集数据\第1轮-场景采集-P001至P011\ppg_20260831_205640_035_P002_finger_still.csv,P002,finger_still,VALID,612017,14,0.9549,True,0.2725122815695651,False,NORMAL,28,29,39,20,121,0
C:\Users\LEGION\Desktop\SmartCane_实机调试\SmartCane\验收材料\MAX30102与节律筛查验收\01-采集数据\第1轮-场景采集-P001至P011\ppg_20260831_205640_035_P002_finger_still.csv,P002,finger_still,VALID,617027,12,0.765,True,0.7140335608757158,False,INCONCLUSIVE,105,127,35,127,97,0
C:\Users\LEGION\Desktop\SmartCane_实机调试\SmartCane\验收材料\MAX30102与节律筛查验收\01-采集数据\第1轮-场景采集-P001至P011\ppg_20260831_205640_035_P002_finger_still.csv,P002,finger_still,VALID,628237,12,0.9345,True,0.7550274759077381,False,INCONCLUSIVE,112,124,46,127,119,0
C:\Users\LEGION\Desktop\SmartCane_实机调试\SmartCane\验收材料\MAX30102与节律筛查验收\01-采集数据\第1轮-场景采集-P001至P011\ppg_20260831_205640_035_P002_finger_still.csv,P002,finger_still,VALID,633247,16,0.7762,True,0.546886908229577,False,INCONCLUSIVE,78,89,34,90,99,0
C:\Users\LEGION\Desktop\SmartCane_实机调试\SmartCane\验收材料\MAX30102与节律筛查验收\01-采集数据\第1轮-场景采集-P001至P011\ppg_20260831_205640_035_P002_finger_still.csv,P002,finger_still,VALID,638217,19,0.9557,True,0.5437941876208736,False,INCONCLUSIVE,72,80,42,87,121,0
C:\Users\LEGION\Desktop\SmartCane_实机调试\SmartCane\验收材料\MAX30102与节律筛查验收\01-采集数据\第1轮-场景采集-P001至P011\ppg_20260831_205640_035_P002_finger_still.csv,P002,finger_still,VALID,643227,16,0.7635,True,0.7642280108593839,False,INCONCLUSIVE,122,127,42,127,97,0
C:\Users\LEGION\Desktop\SmartCane_实机调试\SmartCane\验收材料\MAX30102与节律筛查验收\01-采集数据\第1轮-场景采集-P001至P011\ppg_20260831_205640_035_P002_finger_still.csv,P002,finger_still,VALID,648227,16,0.7304,True,0.7928429467588639,False,INCONCLUSIVE,125,127,51,127,93,0
C:\Users\LEGION\Desktop\SmartCane_实机调试\SmartCane\验收材料\MAX30102与节律筛查验收\01-采集数据\第1轮-场景采集-P001至P011\ppg_20260831_205928_659_P005_normal_pressure.csv,P005,normal_pressure,VALID,792047,14,0.7483,True,0.24617420471170073,False,NORMAL,23,22,39,12,95,0
C:\Users\LEGION\Desktop\SmartCane_实机调试\SmartCane\验收材料\MAX30102与节律筛查验收\01-采集数据\第1轮-场景采集-P001至P011\ppg_20260831_205928_659_P005_normal_pressure.csv,P005,normal_pressure,VALID,797047,13,0.7868,True,0.2870884158666185,False,NORMAL,20,24,53,13,100,0
C:\Users\LEGION\Desktop\SmartCane_实机调试\SmartCane\验收材料\MAX30102与节律筛查验收\01-采集数据\第1轮-场景采集-P001至P011\ppg_20260831_205928_659_P005_normal_pressure.csv,P005,normal_pressure,VALID,804017,13,0.7005,True,0.21980415383922863,False,NORMAL,20,21,32,11,89,0
C:\Users\LEGION\Desktop\SmartCane_实机调试\SmartCane\验收材料\MAX30102与节律筛查验收\01-采集数据\第1轮-场景采集-P001至P011\ppg_20260831_205928_659_P005_normal_pressure.csv,P005,normal_pressure,VALID,816237,16,0.7004,True,0.21145069755895368,False,NORMAL,27,25,17,29,89,0
C:\Users\LEGION\Desktop\SmartCane_实机调试\SmartCane\验收材料\MAX30102与节律筛查验收\01-采集数据\第1轮-场景采集-P001至P011\ppg_20260831_205928_659_P005_normal_pressure.csv,P005,normal_pressure,VALID,821247,15,0.7997,True,0.15356975568771553,False,NORMAL,17,14,9,10,102,0
C:\Users\LEGION\Desktop\SmartCane_实机调试\SmartCane\验收材料\MAX30102与节律筛查验收\01-采集数据\第1轮-场景采集-P001至P011\ppg_20260831_210215_581_P008_cane_motion.csv,P008,cane_motion,MOTION,952237,16,0.8017,True,0.8384851964145161,False,INCONCLUSIVE,108,114,93,108,102,0
C:\Users\LEGION\Desktop\SmartCane_实机调试\SmartCane\验收材料\MAX30102与节律筛查验收\01-采集数据\第1轮-场景采集-P001至P011\ppg_20260831_210302_924_P009_ambient_light.csv,P009,ambient_light,QUALITY,986447,12,0.7,True,0.8984270069683126,True,IRREGULAR,127,127,104,127,89,0
C:\Users\LEGION\Desktop\SmartCane_实机调试\SmartCane\验收材料\MAX30102与节律筛查验收\01-采集数据\第1轮-场景采集-P001至P011\ppg_20260831_210302_924_P009_ambient_light.csv,P009,ambient_light,QUALITY,991417,16,0.8834,True,0.8515472262668677,True,IRREGULAR,127,127,76,127,112,0
C:\Users\LEGION\Desktop\SmartCane_实机调试\SmartCane\验收材料\MAX30102与节律筛查验收\01-采集数据\第1轮-场景采集-P001至P011\ppg_20260831_210302_924_P009_ambient_light.csv,P009,ambient_light,QUALITY,1010437,12,0.9626,True,0.13704067135129444,False,NORMAL,21,14,0,4,122,0
C:\Users\LEGION\Desktop\SmartCane_实机调试\SmartCane\验收材料\MAX30102与节律筛查验收\01-采集数据\第1轮-场景采集-P001至P011\ppg_20260831_210302_924_P009_ambient_light.csv,P009,ambient_light,QUALITY,1015447,17,0.9643,True,0.15889688734097282,False,NORMAL,21,16,8,11,122,0
C:\Users\LEGION\Desktop\SmartCane_实机调试\SmartCane\验收材料\MAX30102与节律筛查验收\01-采集数据\第1轮-场景采集-P001至P011\ppg_20260831_210302_924_P009_ambient_light.csv,P009,ambient_light,QUALITY,1020417,17,0.9422,True,0.19529083474263395,False,NORMAL,18,20,24,11,120,0
C:\Users\LEGION\Desktop\SmartCane_实机调试\SmartCane\验收材料\MAX30102与节律筛查验收\01-采集数据\第1轮-场景采集-P001至P011\ppg_20260831_210615_808_P010_post_exercise_recovery.csv,P010,post_exercise_recovery,VALID,1213817,12,0.7641,True,0.6934430212738302,False,INCONCLUSIVE,94,127,35,127,97,0
C:\Users\LEGION\Desktop\SmartCane_实机调试\SmartCane\验收材料\MAX30102与节律筛查验收\01-采集数据\第1轮-场景采集-P001至P011\ppg_20260831_210615_808_P010_post_exercise_recovery.csv,P010,post_exercise_recovery,VALID,1218827,16,0.7642,True,0.720508967029349,False,INCONCLUSIVE,81,127,51,127,97,0
C:\Users\LEGION\Desktop\SmartCane_实机调试\SmartCane\验收材料\MAX30102与节律筛查验收\01-采集数据\第1轮-场景采集-P001至P011\ppg_20260831_210615_808_P010_post_exercise_recovery.csv,P010,post_exercise_recovery,VALID,1223827,12,0.9108,True,0.7913640145208065,False,INCONCLUSIVE,93,127,69,127,116,0
C:\Users\LEGION\Desktop\SmartCane_实机调试\SmartCane\验收材料\MAX30102与节律筛查验收\01-采集数据\第1轮-场景采集-P001至P011\ppg_20260831_210615_808_P010_post_exercise_recovery.csv,P010,post_exercise_recovery,VALID,1237647,12,0.9358,True,0.4423801085825111,False,INCONCLUSIVE,27,41,81,24,119,0
C:\Users\LEGION\Desktop\SmartCane_实机调试\SmartCane\验收材料\MAX30102与节律筛查验收\01-采集数据\第1轮-场景采集-P001至P011\ppg_20260831_210615_808_P010_post_exercise_recovery.csv,P010,post_exercise_recovery,VALID,1242647,13,0.9335,True,0.44743210293717844,False,INCONCLUSIVE,26,42,85,16,119,0
C:\Users\LEGION\Desktop\SmartCane_实机调试\SmartCane\验收材料\MAX30102与节律筛查验收\01-采集数据\第1轮-场景采集-P001至P011\ppg_20260831_210615_808_P010_post_exercise_recovery.csv,P010,post_exercise_recovery,VALID,1247617,17,0.9662,True,0.3176970088245918,False,NORMAL,21,34,56,16,123,0
C:\Users\LEGION\Desktop\SmartCane_实机调试\SmartCane\验收材料\MAX30102与节律筛查验收\01-采集数据\第1轮-场景采集-P001至P011\ppg_20260831_210615_808_P010_post_exercise_recovery.csv,P010,post_exercise_recovery,VALID,1252627,17,0.944,True,0.26827977867673347,False,NORMAL,20,31,40,24,120,0
C:\Users\LEGION\Desktop\SmartCane_实机调试\SmartCane\验收材料\MAX30102与节律筛查验收\01-采集数据\第1轮-场景采集-P001至P011\ppg_20260831_210615_808_P010_post_exercise_recovery.csv,P010,post_exercise_recovery,VALID,1257627,17,0.8666,True,0.28647610262424145,False,NORMAL,18,29,48,24,110,0
C:\Users\LEGION\Desktop\SmartCane_实机调试\SmartCane\验收材料\MAX30102与节律筛查验收\01-采集数据\第1轮-场景采集-P001至P011\ppg_20260831_210615_808_P010_post_exercise_recovery.csv,P010,post_exercise_recovery,VALID,1262637,17,0.9473,True,0.3541781943702139,False,NORMAL,21,34,64,24,120,0
C:\Users\LEGION\Desktop\SmartCane_实机调试\SmartCane\验收材料\MAX30102与节律筛查验收\01-采集数据\第1轮-场景采集-P001至P011\ppg_20260831_210615_808_P010_post_exercise_recovery.csv,P010,post_exercise_recovery,VALID,1267647,16,0.9495,True,0.35646401123078325,False,NORMAL,23,30,68,16,121,0
C:\Users\LEGION\Desktop\SmartCane_实机调试\SmartCane\验收材料\MAX30102与节律筛查验收\01-采集数据\第1轮-场景采集-P001至P011\ppg_20260831_210615_808_P010_post_exercise_recovery.csv,P010,post_exercise_recovery,VALID,1272647,17,0.9457,True,0.36740970278703367,False,NORMAL,22,32,71,15,120,0
C:\Users\LEGION\Desktop\SmartCane_实机调试\SmartCane\验收材料\MAX30102与节律筛查验收\01-采集数据\第1轮-场景采集-P001至P011\ppg_20260831_210615_808_P010_post_exercise_recovery.csv,P010,post_exercise_recovery,VALID,1277617,13,0.9495,True,0.33725199473644063,False,NORMAL,21,30,64,15,121,0
C:\Users\LEGION\Desktop\SmartCane_实机调试\SmartCane\验收材料\MAX30102与节律筛查验收\01-采集数据\第1轮-场景采集-P001至P011\ppg_20260831_210615_808_P010_post_exercise_recovery.csv,P010,post_exercise_recovery,VALID,1282627,13,0.964,True,0.2903672466858488,False,NORMAL,19,26,53,15,122,0
C:\Users\LEGION\Desktop\SmartCane_实机调试\SmartCane\验收材料\MAX30102与节律筛查验收\01-采集数据\第1轮-场景采集-P001至P011\ppg_20260831_210615_808_P010_post_exercise_recovery.csv,P010,post_exercise_recovery,VALID,1287627,13,0.965,True,0.20212232701211147,False,NORMAL,14,16,32,8,123,0
C:\Users\LEGION\Desktop\SmartCane_实机调试\SmartCane\验收材料\MAX30102与节律筛查验收\01-采集数据\第1轮-场景采集-P001至P011\ppg_20260831_210615_808_P010_post_exercise_recovery.csv,P010,post_exercise_recovery,VALID,1292637,13,0.9221,True,0.370197218864229,False,NORMAL,31,40,53,45,117,0
C:\Users\LEGION\Desktop\SmartCane_实机调试\SmartCane\验收材料\MAX30102与节律筛查验收\01-采集数据\第1轮-场景采集-P001至P011\ppg_20260831_210615_808_P010_post_exercise_recovery.csv,P010,post_exercise_recovery,VALID,1315627,12,0.9414,True,0.3266309417971477,False,NORMAL,21,32,58,21,120,0
C:\Users\LEGION\Desktop\SmartCane_实机调试\SmartCane\验收材料\MAX30102与节律筛查验收\01-采集数据\第1轮-场景采集-P001至P011\ppg_20260831_210615_808_P010_post_exercise_recovery.csv,P010,post_exercise_recovery,VALID,1320637,15,0.9195,True,0.42400615374996886,False,INCONCLUSIVE,38,35,73,23,117,0
C:\Users\LEGION\Desktop\SmartCane_实机调试\SmartCane\验收材料\MAX30102与节律筛查验收\01-采集数据\第1轮-场景采集-P001至P011\ppg_20260831_210615_808_P010_post_exercise_recovery.csv,P010,post_exercise_recovery,VALID,1325647,15,0.9083,True,0.3865071573817168,False,NORMAL,42,32,64,17,115,0
C:\Users\LEGION\Desktop\SmartCane_实机调试\SmartCane\验收材料\MAX30102与节律筛查验收\01-采集数据\第1轮-场景采集-P001至P011\ppg_20260831_210615_808_P010_post_exercise_recovery.csv,P010,post_exercise_recovery,VALID,1330647,14,0.9702,True,0.33769821778143083,False,NORMAL,49,27,49,16,123,0
C:\Users\LEGION\Desktop\SmartCane_实机调试\SmartCane\验收材料\MAX30102与节律筛查验收\01-采集数据\第1轮-场景采集-P001至P011\ppg_20260831_210615_808_P010_post_exercise_recovery.csv,P010,post_exercise_recovery,VALID,1346827,12,0.9543,True,0.25621495547491596,False,NORMAL,18,22,46,10,121,0
C:\Users\LEGION\Desktop\SmartCane_实机调试\SmartCane\验收材料\MAX30102与节律筛查验收\01-采集数据\第1轮-场景采集-P001至P011\ppg_20260831_210615_808_P010_post_exercise_recovery.csv,P010,post_exercise_recovery,VALID,1351837,16,0.9711,True,0.23857029254103437,False,NORMAL,16,20,42,10,123,0
C:\Users\LEGION\Desktop\SmartCane_实机调试\SmartCane\验收材料\MAX30102与节律筛查验收\01-采集数据\第1轮-场景采集-P001至P011\ppg_20260831_210615_808_P010_post_exercise_recovery.csv,P010,post_exercise_recovery,VALID,1356847,17,0.9541,True,0.23784597208901123,False,NORMAL,19,20,40,10,121,0
C:\Users\LEGION\Desktop\SmartCane_实机调试\SmartCane\验收材料\MAX30102与节律筛查验收\01-采集数据\第1轮-场景采集-P001至P011\ppg_20260831_210615_808_P010_post_exercise_recovery.csv,P010,post_exercise_recovery,VALID,1361817,17,0.9429,True,0.2737008706238734,False,NORMAL,24,22,48,11,120,0
C:\Users\LEGION\Desktop\SmartCane_实机调试\SmartCane\验收材料\MAX30102与节律筛查验收\01-采集数据\第1轮-场景采集-P001至P011\ppg_20260831_210615_808_P010_post_exercise_recovery.csv,P010,post_exercise_recovery,VALID,1366817,18,0.936,True,0.3130647259669813,False,NORMAL,23,31,52,25,119,0
C:\Users\LEGION\Desktop\SmartCane_实机调试\SmartCane\验收材料\MAX30102与节律筛查验收\01-采集数据\第1轮-场景采集-P001至P011\ppg_20260831_210615_808_P010_post_exercise_recovery.csv,P010,post_exercise_recovery,VALID,1371827,18,0.929,True,0.41392547593557133,False,INCONCLUSIVE,28,36,75,25,118,0
C:\Users\LEGION\Desktop\SmartCane_实机调试\SmartCane\验收材料\MAX30102与节律筛查验收\01-采集数据\第1轮-场景采集-P001至P011\ppg_20260831_210615_808_P010_post_exercise_recovery.csv,P010,post_exercise_recovery,VALID,1376837,18,0.9593,True,0.3708954601938609,False,NORMAL,25,32,67,25,122,0
C:\Users\LEGION\Desktop\SmartCane_实机调试\SmartCane\验收材料\MAX30102与节律筛查验收\01-采集数据\第1轮-场景采集-P001至P011\ppg_20260831_212305_300_P011_rhythm_normal.csv,P011,rhythm_normal,NORMAL,2180637,6,0.9676,False,,False,INCONCLUSIVE,0,0,0,0,0,0
C:\Users\LEGION\Desktop\SmartCane_实机调试\SmartCane\验收材料\MAX30102与节律筛查验收\01-采集数据\第1轮-场景采集-P001至P011\ppg_20260831_212305_300_P011_rhythm_normal.csv,P011,rhythm_normal,NORMAL,2228027,12,0.9031,True,0.5656043693134577,False,INCONCLUSIVE,43,70,81,51,115,0
C:\Users\LEGION\Desktop\SmartCane_实机调试\SmartCane\验收材料\MAX30102与节律筛查验收\01-采集数据\第1轮-场景采集-P001至P011\ppg_20260831_212305_300_P011_rhythm_normal.csv,P011,rhythm_normal,NORMAL,2233027,16,0.9489,True,0.4025956822979154,False,INCONCLUSIVE,33,56,51,51,121,0
C:\Users\LEGION\Desktop\SmartCane_实机调试\SmartCane\验收材料\MAX30102与节律筛查验收\01-采集数据\第1轮-场景采集-P001至P011\ppg_20260831_212305_300_P011_rhythm_normal.csv,P011,rhythm_normal,NORMAL,2238237,15,0.9569,True,0.22255442540375642,False,NORMAL,24,22,27,21,122,0
C:\Users\LEGION\Desktop\SmartCane_实机调试\SmartCane\验收材料\MAX30102与节律筛查验收\01-采集数据\第1轮-场景采集-P001至P011\ppg_20260831_212305_300_P011_rhythm_normal.csv,P011,rhythm_normal,NORMAL,2243247,19,0.8815,True,0.18304957744388434,False,NORMAL,19,15,21,10,112,0
C:\Users\LEGION\Desktop\SmartCane_实机调试\SmartCane\验收材料\MAX30102与节律筛查验收\01-采集数据\第1轮-场景采集-P001至P011\ppg_20260831_212305_300_P011_rhythm_normal.csv,P011,rhythm_normal,NORMAL,2248247,20,0.9557,True,0.1586303383545395,False,NORMAL,13,15,13,11,121,0
C:\Users\LEGION\Desktop\SmartCane_实机调试\SmartCane\验收材料\MAX30102与节律筛查验收\01-采集数据\第1轮-场景采集-P001至P011\ppg_20260831_212305_300_P011_rhythm_normal.csv,P011,rhythm_normal,NORMAL,2254217,18,0.9707,True,0.16382540592719358,False,NORMAL,13,16,15,11,123,0
C:\Users\LEGION\Desktop\SmartCane_实机调试\SmartCane\验收材料\MAX30102与节律筛查验收\01-采集数据\第1轮-场景采集-P001至P011\ppg_20260831_212305_300_P011_rhythm_normal.csv,P011,rhythm_normal,NORMAL,2259227,17,0.7278,True,0.7151529047713676,False,INCONCLUSIVE,97,127,40,127,92,0
C:\Users\LEGION\Desktop\SmartCane_实机调试\SmartCane\验收材料\MAX30102与节律筛查验收\01-采集数据\第1轮-场景采集-P001至P011\ppg_20260831_212305_300_P011_rhythm_normal.csv,P011,rhythm_normal,NORMAL,2264237,17,0.9412,True,0.7627865661740211,False,INCONCLUSIVE,97,127,56,127,120,0
C:\Users\LEGION\Desktop\SmartCane_实机调试\SmartCane\验收材料\MAX30102与节律筛查验收\01-采集数据\第1轮-场景采集-P001至P011\ppg_20260831_212305_300_P011_rhythm_normal.csv,P011,rhythm_normal,NORMAL,2269237,19,0.9646,True,0.7304450276133302,False,INCONCLUSIVE,90,127,49,127,123,0
C:\Users\LEGION\Desktop\SmartCane_实机调试\SmartCane\验收材料\MAX30102与节律筛查验收\01-采集数据\第1轮-场景采集-P001至P011\ppg_20260831_212305_300_P011_rhythm_normal.csv,P011,rhythm_normal,NORMAL,2274247,20,0.9681,True,0.22014659850913548,False,NORMAL,16,24,33,11,123,0
C:\Users\LEGION\Desktop\SmartCane_实机调试\SmartCane\验收材料\MAX30102与节律筛查验收\01-采集数据\第1轮-场景采集-P001至P011\ppg_20260831_212305_300_P011_rhythm_normal.csv,P011,rhythm_normal,NORMAL,2279217,20,0.9679,True,0.1764297667257969,False,NORMAL,11,20,20,11,123,0
C:\Users\LEGION\Desktop\SmartCane_实机调试\SmartCane\验收材料\MAX30102与节律筛查验收\01-采集数据\第1轮-场景采集-P001至P011\ppg_20260831_212305_300_P011_rhythm_normal.csv,P011,rhythm_normal,NORMAL,2284227,20,0.9693,True,0.159431074999888,False,NORMAL,12,17,13,11,123,0
C:\Users\LEGION\Desktop\SmartCane_实机调试\SmartCane\验收材料\MAX30102与节律筛查验收\01-采集数据\第1轮-场景采集-P001至P011\ppg_20260831_212305_300_P011_rhythm_normal.csv,P011,rhythm_normal,NORMAL,2289227,18,0.9783,True,0.14551270350568907,False,NORMAL,12,15,7,11,124,0
C:\Users\LEGION\Desktop\SmartCane_实机调试\SmartCane\验收材料\MAX30102与节律筛查验收\01-采集数据\第1轮-场景采集-P001至P011\ppg_20260831_212305_300_P011_rhythm_normal.csv,P011,rhythm_normal,NORMAL,2294237,17,0.9682,True,0.14378424012559543,False,NORMAL,9,14,8,12,123,0
C:\Users\LEGION\Desktop\SmartCane_实机调试\SmartCane\验收材料\MAX30102与节律筛查验收\01-采集数据\第1轮-场景采集-P001至P011\ppg_20260831_212305_300_P011_rhythm_normal.csv,P011,rhythm_normal,NORMAL,2299247,17,0.7614,True,0.6314298971211442,False,INCONCLUSIVE,82,127,24,127,97,0
C:\Users\LEGION\Desktop\SmartCane_实机调试\SmartCane\验收材料\MAX30102与节律筛查验收\01-采集数据\第1轮-场景采集-P001至P011\ppg_20260831_212305_300_P011_rhythm_normal.csv,P011,rhythm_normal,NORMAL,2322237,14,0.9764,True,0.12033381844472586,False,NORMAL,8,9,0,5,124,0
C:\Users\LEGION\Desktop\SmartCane_实机调试\SmartCane\验收材料\MAX30102与节律筛查验收\01-采集数据\第1轮-场景采集-P001至P011\ppg_20260831_212305_300_P011_rhythm_normal.csv,P011,rhythm_normal,NORMAL,2327247,20,0.727,True,0.6146752534347155,False,INCONCLUSIVE,93,127,13,127,92,0
C:\Users\LEGION\Desktop\SmartCane_实机调试\SmartCane\验收材料\MAX30102与节律筛查验收\01-采集数据\第1轮-场景采集-P001至P011\ppg_20260831_212305_300_P011_rhythm_normal.csv,P011,rhythm_normal,NORMAL,2332217,20,0.7403,True,0.7329915875985666,False,INCONCLUSIVE,119,127,33,127,94,0
C:\Users\LEGION\Desktop\SmartCane_实机调试\SmartCane\验收材料\MAX30102与节律筛查验收\01-采集数据\第1轮-场景采集-P001至P011\ppg_20260831_212305_300_P011_rhythm_normal.csv,P011,rhythm_normal,NORMAL,2337217,20,0.9642,True,0.7651258327642471,False,INCONCLUSIVE,126,127,40,127,122,0
C:\Users\LEGION\Desktop\SmartCane_实机调试\SmartCane\验收材料\MAX30102与节律筛查验收\01-采集数据\第2轮-补充复测-P012至P040\ppg_20260831_215503_864_P012_finger_still.csv,P012,finger_still,VALID,4105677,12,0.8061,True,0.8085998651287686,False,INCONCLUSIVE,110,127,69,118,102,0
C:\Users\LEGION\Desktop\SmartCane_实机调试\SmartCane\验收材料\MAX30102与节律筛查验收\01-采集数据\第2轮-补充复测-P012至P040\ppg_20260831_215604_627_P013_finger_still.csv,P013,finger_still,VALID,4160897,5,0.8182,False,,False,INCONCLUSIVE,0,0,0,0,0,0
C:\Users\LEGION\Desktop\SmartCane_实机调试\SmartCane\验收材料\MAX30102与节律筛查验收\01-采集数据\第2轮-补充复测-P012至P040\ppg_20260831_215604_627_P013_finger_still.csv,P013,finger_still,VALID,4165907,10,0.8268,False,,False,INCONCLUSIVE,0,0,0,0,0,0
C:\Users\LEGION\Desktop\SmartCane_实机调试\SmartCane\验收材料\MAX30102与节律筛查验收\01-采集数据\第2轮-补充复测-P012至P040\ppg_20260831_215604_627_P013_finger_still.csv,P013,finger_still,VALID,4174877,12,0.8834,True,0.6751224364475543,False,INCONCLUSIVE,98,90,58,87,112,0
C:\Users\LEGION\Desktop\SmartCane_实机调试\SmartCane\验收材料\MAX30102与节律筛查验收\01-采集数据\第2轮-补充复测-P012至P040\ppg_20260831_215604_627_P013_finger_still.csv,P013,finger_still,VALID,4180687,12,0.7001,True,0.7888818822670591,False,INCONCLUSIVE,79,127,81,112,89,0
C:\Users\LEGION\Desktop\SmartCane_实机调试\SmartCane\验收材料\MAX30102与节律筛查验收\01-采集数据\第2轮-补充复测-P012至P040\ppg_20260831_215604_627_P013_finger_still.csv,P013,finger_still,VALID,4186897,17,0.7221,True,0.7740605942442972,False,INCONCLUSIVE,70,127,79,117,92,0
C:\Users\LEGION\Desktop\SmartCane_实机调试\SmartCane\验收材料\MAX30102与节律筛查验收\01-采集数据\第2轮-补充复测-P012至P040\ppg_20260831_215604_627_P013_finger_still.csv,P013,finger_still,VALID,4191897,18,0.8099,True,0.7491670629174823,False,INCONCLUSIVE,74,122,67,127,103,0
C:\Users\LEGION\Desktop\SmartCane_实机调试\SmartCane\验收材料\MAX30102与节律筛查验收\01-采集数据\第2轮-补充复测-P012至P040\ppg_20260831_215604_627_P013_finger_still.csv,P013,finger_still,VALID,4196907,17,0.7265,True,0.6554614129054969,False,INCONCLUSIVE,64,113,48,127,92,0
C:\Users\LEGION\Desktop\SmartCane_实机调试\SmartCane\验收材料\MAX30102与节律筛查验收\01-采集数据\第2轮-补充复测-P012至P040\ppg_20260831_215604_627_P013_finger_still.csv,P013,finger_still,VALID,4201907,13,0.8975,True,0.6721607892601541,False,INCONCLUSIVE,71,127,42,127,114,0
C:\Users\LEGION\Desktop\SmartCane_实机调试\SmartCane\验收材料\MAX30102与节律筛查验收\01-采集数据\第2轮-补充复测-P012至P040\ppg_20260831_215724_412_P014_finger_still.csv,P014,finger_still,VALID,4248487,16,0.9239,True,0.6742463570682314,False,INCONCLUSIVE,56,94,76,100,117,0
C:\Users\LEGION\Desktop\SmartCane_实机调试\SmartCane\验收材料\MAX30102与节律筛查验收\01-采集数据\第2轮-补充复测-P012至P040\ppg_20260831_215724_412_P014_finger_still.csv,P014,finger_still,VALID,4253497,20,0.6969,False,,False,INCONCLUSIVE,0,0,0,0,0,0
C:\Users\LEGION\Desktop\SmartCane_实机调试\SmartCane\验收材料\MAX30102与节律筛查验收\01-采集数据\第2轮-补充复测-P012至P040\ppg_20260831_215724_412_P014_finger_still.csv,P014,finger_still,VALID,4260507,20,0.7,True,0.8717953098084887,True,IRREGULAR,127,127,87,127,89,0
C:\Users\LEGION\Desktop\SmartCane_实机调试\SmartCane\验收材料\MAX30102与节律筛查验收\01-采集数据\第2轮-补充复测-P012至P040\ppg_20260831_215724_412_P014_finger_still.csv,P014,finger_still,VALID,4265507,16,0.7195,True,0.8818148160678551,True,IRREGULAR,127,127,93,127,91,0
C:\Users\LEGION\Desktop\SmartCane_实机调试\SmartCane\验收材料\MAX30102与节律筛查验收\01-采集数据\第2轮-补充复测-P012至P040\ppg_20260831_215724_412_P014_finger_still.csv,P014,finger_still,VALID,4270677,11,0.7282,False,,False,INCONCLUSIVE,0,0,0,0,0,0
C:\Users\LEGION\Desktop\SmartCane_实机调试\SmartCane\验收材料\MAX30102与节律筛查验收\01-采集数据\第2轮-补充复测-P012至P040\ppg_20260831_215823_411_P015_finger_still.csv,P015,finger_still,VALID,4320507,12,0.8016,True,0.9078898324543248,True,IRREGULAR,124,127,115,120,102,0
C:\Users\LEGION\Desktop\SmartCane_实机调试\SmartCane\验收材料\MAX30102与节律筛查验收\01-采集数据\第2轮-补充复测-P012至P040\ppg_20260831_215823_411_P015_finger_still.csv,P015,finger_still,VALID,4325507,13,0.7645,True,0.9093398171951669,True,IRREGULAR,127,127,116,115,97,0
C:\Users\LEGION\Desktop\SmartCane_实机调试\SmartCane\验收材料\MAX30102与节律筛查验收\01-采集数据\第2轮-补充复测-P012至P040\ppg_20260831_215823_411_P015_finger_still.csv,P015,finger_still,VALID,4354307,12,0.7931,True,0.8449653199198629,False,INCONCLUSIVE,96,127,92,127,101,27
C:\Users\LEGION\Desktop\SmartCane_实机调试\SmartCane\验收材料\MAX30102与节律筛查验收\01-采集数据\第2轮-补充复测-P012至P040\ppg_20260831_220030_123_P016_normal_pressure.csv,P016,normal_pressure,VALID,4432487,9,0.7,False,,False,INCONCLUSIVE,0,0,0,0,0,0
C:\Users\LEGION\Desktop\SmartCane_实机调试\SmartCane\验收材料\MAX30102与节律筛查验收\01-采集数据\第2轮-补充复测-P012至P040\ppg_20260831_220350_564_P019_light_pressure.csv,P019,light_pressure,QUALITY,4641487,12,0.7687,True,0.8764611188448056,True,IRREGULAR,127,127,92,120,98,0
C:\Users\LEGION\Desktop\SmartCane_实机调试\SmartCane\验收材料\MAX30102与节律筛查验收\01-采集数据\第2轮-补充复测-P012至P040\ppg_20260831_220702_467_P023_heavy_pressure.csv,P023,heavy_pressure,QUALITY,4849887,19,0.9368,True,0.7067457047458446,False,INCONCLUSIVE,80,107,64,105,119,0
C:\Users\LEGION\Desktop\SmartCane_实机调试\SmartCane\验收材料\MAX30102与节律筛查验收\01-采集数据\第2轮-补充复测-P012至P040\ppg_20260831_220746_691_P024_heavy_pressure.csv,P024,heavy_pressure,QUALITY,4877287,14,0.7,True,0.902583814082989,True,IRREGULAR,127,127,107,127,89,0
C:\Users\LEGION\Desktop\SmartCane_实机调试\SmartCane\验收材料\MAX30102与节律筛查验收\01-采集数据\第2轮-补充复测-P012至P040\ppg_20260831_220746_691_P024_heavy_pressure.csv,P024,heavy_pressure,QUALITY,4883297,12,0.7746,True,0.8984270069683126,True,IRREGULAR,127,127,104,127,98,0
C:\Users\LEGION\Desktop\SmartCane_实机调试\SmartCane\验收材料\MAX30102与节律筛查验收\01-采集数据\第2轮-补充复测-P012至P040\ppg_20260831_220859_637_P025_finger_motion.csv,P025,finger_motion,MOTION,4946897,12,0.8052,True,0.8834172657595899,True,IRREGULAR,117,127,104,114,102,0
C:\Users\LEGION\Desktop\SmartCane_实机调试\SmartCane\验收材料\MAX30102与节律筛查验收\01-采集数据\第2轮-补充复测-P012至P040\ppg_20260831_221220_139_P030_cane_motion.csv,P030,cane_motion,MOTION,5157707,12,0.7018,True,0.8801933275296073,True,IRREGULAR,127,127,92,127,89,0
C:\Users\LEGION\Desktop\SmartCane_实机调试\SmartCane\验收材料\MAX30102与节律筛查验收\01-采集数据\第2轮-补充复测-P012至P040\ppg_20260831_221220_139_P030_cane_motion.csv,P030,cane_motion,MOTION,5162707,14,0.7,True,0.8896395925238035,True,IRREGULAR,127,127,98,127,89,0
C:\Users\LEGION\Desktop\SmartCane_实机调试\SmartCane\验收材料\MAX30102与节律筛查验收\01-采集数据\第2轮-补充复测-P012至P040\ppg_20260831_221333_107_P032_cane_motion.csv,P032,cane_motion,MOTION,5206737,4,0.7988,False,,False,INCONCLUSIVE,0,0,0,0,0,0
C:\Users\LEGION\Desktop\SmartCane_实机调试\SmartCane\验收材料\MAX30102与节律筛查验收\01-采集数据\第2轮-补充复测-P012至P040\ppg_20260831_221408_420_P033_cane_motion.csv,P033,cane_motion,MOTION,5244507,2,0.8409,False,,False,INCONCLUSIVE,0,0,0,0,0,0
C:\Users\LEGION\Desktop\SmartCane_实机调试\SmartCane\验收材料\MAX30102与节律筛查验收\01-采集数据\第2轮-补充复测-P012至P040\ppg_20260831_221408_420_P033_cane_motion.csv,P033,cane_motion,MOTION,5249517,6,0.8942,False,,False,INCONCLUSIVE,0,0,0,0,0,0
C:\Users\LEGION\Desktop\SmartCane_实机调试\SmartCane\验收材料\MAX30102与节律筛查验收\01-采集数据\第2轮-补充复测-P012至P040\ppg_20260831_221608_722_P036_rhythm_normal.csv,P036,rhythm_normal,NORMAL,5376537,12,0.9586,True,0.254317938533778,False,NORMAL,30,27,35,13,122,0
C:\Users\LEGION\Desktop\SmartCane_实机调试\SmartCane\验收材料\MAX30102与节律筛查验收\01-采集数据\第2轮-补充复测-P012至P040\ppg_20260831_221608_722_P036_rhythm_normal.csv,P036,rhythm_normal,NORMAL,5381537,17,0.9482,True,0.23308564164076023,False,NORMAL,24,25,32,13,120,0
C:\Users\LEGION\Desktop\SmartCane_实机调试\SmartCane\验收材料\MAX30102与节律筛查验收\01-采集数据\第2轮-补充复测-P012至P040\ppg_20260831_221608_722_P036_rhythm_normal.csv,P036,rhythm_normal,NORMAL,5386547,21,0.9563,True,0.23658205558768294,False,NORMAL,27,24,32,13,121,0
C:\Users\LEGION\Desktop\SmartCane_实机调试\SmartCane\验收材料\MAX30102与节律筛查验收\01-采集数据\第2轮-补充复测-P012至P040\ppg_20260831_221608_722_P036_rhythm_normal.csv,P036,rhythm_normal,NORMAL,5391517,20,0.9651,True,0.2209184983382807,False,NORMAL,19,21,33,11,123,0
C:\Users\LEGION\Desktop\SmartCane_实机调试\SmartCane\验收材料\MAX30102与节律筛查验收\01-采集数据\第2轮-补充复测-P012至P040\ppg_20260831_221608_722_P036_rhythm_normal.csv,P036,rhythm_normal,NORMAL,5396517,20,0.9641,True,0.2246331915046617,False,NORMAL,20,22,33,12,122,0
C:\Users\LEGION\Desktop\SmartCane_实机调试\SmartCane\验收材料\MAX30102与节律筛查验收\01-采集数据\第2轮-补充复测-P012至P040\ppg_20260831_221608_722_P036_rhythm_normal.csv,P036,rhythm_normal,NORMAL,5401527,22,0.9642,True,0.18749286046192812,False,NORMAL,23,19,18,12,122,0
C:\Users\LEGION\Desktop\SmartCane_实机调试\SmartCane\验收材料\MAX30102与节律筛查验收\01-采集数据\第2轮-补充复测-P012至P040\ppg_20260831_221608_722_P036_rhythm_normal.csv,P036,rhythm_normal,NORMAL,5406537,22,0.9754,True,0.15869694156654138,False,NORMAL,12,17,12,13,124,0
C:\Users\LEGION\Desktop\SmartCane_实机调试\SmartCane\验收材料\MAX30102与节律筛查验收\01-采集数据\第2轮-补充复测-P012至P040\ppg_20260831_221608_722_P036_rhythm_normal.csv,P036,rhythm_normal,NORMAL,5411537,23,0.974,True,0.12687226326364956,False,NORMAL,10,14,0,6,124,0
C:\Users\LEGION\Desktop\SmartCane_实机调试\SmartCane\验收材料\MAX30102与节律筛查验收\01-采集数据\第2轮-补充复测-P012至P040\ppg_20260831_221608_722_P036_rhythm_normal.csv,P036,rhythm_normal,NORMAL,5416547,21,0.746,True,0.5975243130648574,False,INCONCLUSIVE,85,127,13,127,95,0
C:\Users\LEGION\Desktop\SmartCane_实机调试\SmartCane\验收材料\MAX30102与节律筛查验收\01-采集数据\第2轮-补充复测-P012至P040\ppg_20260831_221717_387_P037_rhythm_normal.csv,P037,rhythm_normal,NORMAL,5447757,12,0.8501,True,0.708088208477189,False,INCONCLUSIVE,91,99,69,83,108,0
C:\Users\LEGION\Desktop\SmartCane_实机调试\SmartCane\验收材料\MAX30102与节律筛查验收\01-采集数据\第2轮-补充复测-P012至P040\ppg_20260831_221717_387_P037_rhythm_normal.csv,P037,rhythm_normal,NORMAL,5452757,14,0.7,True,0.8352154725920368,False,INCONCLUSIVE,127,127,68,127,89,0
C:\Users\LEGION\Desktop\SmartCane_实机调试\SmartCane\验收材料\MAX30102与节律筛查验收\01-采集数据\第2轮-补充复测-P012至P040\ppg_20260831_221717_387_P037_rhythm_normal.csv,P037,rhythm_normal,NORMAL,5457767,20,0.9694,True,0.7330892262000764,False,INCONCLUSIVE,107,127,40,127,123,0
C:\Users\LEGION\Desktop\SmartCane_实机调试\SmartCane\验收材料\MAX30102与节律筛查验收\01-采集数据\第2轮-补充复测-P012至P040\ppg_20260831_221717_387_P037_rhythm_normal.csv,P037,rhythm_normal,NORMAL,5462737,19,0.9599,True,0.6310814796116114,False,INCONCLUSIVE,87,127,21,127,122,0
C:\Users\LEGION\Desktop\SmartCane_实机调试\SmartCane\验收材料\MAX30102与节律筛查验收\01-采集数据\第2轮-补充复测-P012至P040\ppg_20260831_221717_387_P037_rhythm_normal.csv,P037,rhythm_normal,NORMAL,5467747,20,0.9552,True,0.15022751181624225,False,NORMAL,17,14,7,11,121,0
C:\Users\LEGION\Desktop\SmartCane_实机调试\SmartCane\验收材料\MAX30102与节律筛查验收\01-采集数据\第2轮-补充复测-P012至P040\ppg_20260831_221717_387_P037_rhythm_normal.csv,P037,rhythm_normal,NORMAL,5472747,20,0.9692,True,0.14569891492089912,False,NORMAL,13,14,7,11,123,0
C:\Users\LEGION\Desktop\SmartCane_实机调试\SmartCane\验收材料\MAX30102与节律筛查验收\01-采集数据\第2轮-补充复测-P012至P040\ppg_20260831_221717_387_P037_rhythm_normal.csv,P037,rhythm_normal,NORMAL,5477757,14,0.9709,True,0.1465705160693814,False,NORMAL,10,13,10,10,123,0
C:\Users\LEGION\Desktop\SmartCane_实机调试\SmartCane\验收材料\MAX30102与节律筛查验收\01-采集数据\第2轮-补充复测-P012至P040\ppg_20260831_221818_955_P038_rhythm_normal.csv,P038,rhythm_normal,NORMAL,5491577,2,0.9508,False,,False,INCONCLUSIVE,0,0,0,0,0,0
C:\Users\LEGION\Desktop\SmartCane_实机调试\SmartCane\验收材料\MAX30102与节律筛查验收\01-采集数据\第2轮-补充复测-P012至P040\ppg_20260831_221818_955_P038_rhythm_normal.csv,P038,rhythm_normal,NORMAL,5496547,8,0.9547,False,,False,INCONCLUSIVE,0,0,0,0,0,0
C:\Users\LEGION\Desktop\SmartCane_实机调试\SmartCane\验收材料\MAX30102与节律筛查验收\01-采集数据\第2轮-补充复测-P012至P040\ppg_20260831_221818_955_P038_rhythm_normal.csv,P038,rhythm_normal,NORMAL,5501557,15,0.9456,True,0.24276446819216,False,NORMAL,25,24,36,11,120,0
C:\Users\LEGION\Desktop\SmartCane_实机调试\SmartCane\验收材料\MAX30102与节律筛查验收\01-采集数据\第2轮-补充复测-P012至P040\ppg_20260831_221818_955_P038_rhythm_normal.csv,P038,rhythm_normal,NORMAL,5506567,19,0.946,True,0.2123672683080013,False,NORMAL,22,21,28,11,120,0
C:\Users\LEGION\Desktop\SmartCane_实机调试\SmartCane\验收材料\MAX30102与节律筛查验收\01-采集数据\第2轮-补充复测-P012至P040\ppg_20260831_221818_955_P038_rhythm_normal.csv,P038,rhythm_normal,NORMAL,5511567,20,0.9463,True,0.25290126354688275,False,NORMAL,25,23,40,11,120,0
C:\Users\LEGION\Desktop\SmartCane_实机调试\SmartCane\验收材料\MAX30102与节律筛查验收\01-采集数据\第2轮-补充复测-P012至P040\ppg_20260831_221818_955_P038_rhythm_normal.csv,P038,rhythm_normal,NORMAL,5516577,18,0.9454,True,0.2376651285398064,False,NORMAL,21,23,37,11,120,0
C:\Users\LEGION\Desktop\SmartCane_实机调试\SmartCane\验收材料\MAX30102与节律筛查验收\01-采集数据\第2轮-补充复测-P012至P040\ppg_20260831_221818_955_P038_rhythm_normal.csv,P038,rhythm_normal,NORMAL,5521587,14,0.97,True,0.23947782097119566,False,NORMAL,17,25,39,11,123,0
C:\Users\LEGION\Desktop\SmartCane_实机调试\SmartCane\验收材料\MAX30102与节律筛查验收\01-采集数据\第2轮-补充复测-P012至P040\ppg_20260831_221818_955_P038_rhythm_normal.csv,P038,rhythm_normal,NORMAL,5526557,13,0.7626,True,0.6912111633175647,False,INCONCLUSIVE,98,127,32,127,97,0
C:\Users\LEGION\Desktop\SmartCane_实机调试\SmartCane\验收材料\MAX30102与节律筛查验收\01-采集数据\第2轮-补充复测-P012至P040\ppg_20260831_221818_955_P038_rhythm_normal.csv,P038,rhythm_normal,NORMAL,5531557,14,0.966,True,0.6654192370987355,False,INCONCLUSIVE,90,127,29,127,123,0
C:\Users\LEGION\Desktop\SmartCane_实机调试\SmartCane\验收材料\MAX30102与节律筛查验收\01-采集数据\第2轮-补充复测-P012至P040\ppg_20260831_221818_955_P038_rhythm_normal.csv,P038,rhythm_normal,NORMAL,5536567,19,0.9381,True,0.6216235427873901,False,INCONCLUSIVE,85,124,21,127,119,0
C:\Users\LEGION\Desktop\SmartCane_实机调试\SmartCane\验收材料\MAX30102与节律筛查验收\01-采集数据\第2轮-补充复测-P012至P040\ppg_20260831_221920_692_P039_rhythm_normal.csv,P039,rhythm_normal,NORMAL,5573987,12,0.9633,True,0.15408931524026326,False,NORMAL,12,15,12,9,122,0
C:\Users\LEGION\Desktop\SmartCane_实机调试\SmartCane\验收材料\MAX30102与节律筛查验收\01-采集数据\第2轮-补充复测-P012至P040\ppg_20260831_221920_692_P039_rhythm_normal.csv,P039,rhythm_normal,NORMAL,5578987,14,0.957,True,0.18126566540287603,False,NORMAL,18,16,20,11,122,0
C:\Users\LEGION\Desktop\SmartCane_实机调试\SmartCane\验收材料\MAX30102与节律筛查验收\01-采集数据\第2轮-补充复测-P012至P040\ppg_20260831_221920_692_P039_rhythm_normal.csv,P039,rhythm_normal,NORMAL,5583957,19,0.9706,True,0.16266679916831733,False,NORMAL,16,14,14,10,123,0
C:\Users\LEGION\Desktop\SmartCane_实机调试\SmartCane\验收材料\MAX30102与节律筛查验收\01-采集数据\第2轮-补充复测-P012至P040\ppg_20260831_221920_692_P039_rhythm_normal.csv,P039,rhythm_normal,NORMAL,5588967,16,0.9678,True,0.14495525385975983,False,NORMAL,12,13,8,10,123,0
C:\Users\LEGION\Desktop\SmartCane_实机调试\SmartCane\验收材料\MAX30102与节律筛查验收\01-采集数据\第2轮-补充复测-P012至P040\ppg_20260831_221920_692_P039_rhythm_normal.csv,P039,rhythm_normal,NORMAL,5593967,16,0.968,True,0.1455747520273091,False,NORMAL,12,13,8,11,123,0
C:\Users\LEGION\Desktop\SmartCane_实机调试\SmartCane\验收材料\MAX30102与节律筛查验收\01-采集数据\第2轮-补充复测-P012至P040\ppg_20260831_221920_692_P039_rhythm_normal.csv,P039,rhythm_normal,NORMAL,5598977,15,0.9626,True,0.19836694880594694,False,NORMAL,15,20,27,11,122,0
C:\Users\LEGION\Desktop\SmartCane_实机调试\SmartCane\验收材料\MAX30102与节律筛查验收\01-采集数据\第2轮-补充复测-P012至P040\ppg_20260831_221920_692_P039_rhythm_normal.csv,P039,rhythm_normal,NORMAL,5603987,17,0.9606,True,0.2233323500359252,False,NORMAL,17,22,32,19,122,0
C:\Users\LEGION\Desktop\SmartCane_实机调试\SmartCane\验收材料\MAX30102与节律筛查验收\01-采集数据\第3轮-算法修改后最终验收-P041至P043\ppg_20260831_225624_976_P041_rhythm_normal.csv,P041,rhythm_normal,NORMAL,278825,12,0.9597,True,0.28596643912428416,False,NORMAL,27,24,46,21,122,0
C:\Users\LEGION\Desktop\SmartCane_实机调试\SmartCane\验收材料\MAX30102与节律筛查验收\01-采集数据\第3轮-算法修改后最终验收-P041至P043\ppg_20260831_225624_976_P041_rhythm_normal.csv,P041,rhythm_normal,NORMAL,283825,15,0.9456,True,0.31899625888821215,False,NORMAL,29,26,54,21,120,0
C:\Users\LEGION\Desktop\SmartCane_实机调试\SmartCane\验收材料\MAX30102与节律筛查验收\01-采集数据\第3轮-算法修改后最终验收-P041至P043\ppg_20260831_225624_976_P041_rhythm_normal.csv,P041,rhythm_normal,NORMAL,288835,17,0.9439,True,0.27798640724831297,False,NORMAL,25,21,48,15,120,0
C:\Users\LEGION\Desktop\SmartCane_实机调试\SmartCane\验收材料\MAX30102与节律筛查验收\01-采集数据\第3轮-算法修改后最终验收-P041至P043\ppg_20260831_225624_976_P041_rhythm_normal.csv,P041,rhythm_normal,NORMAL,293845,15,0.9363,True,0.30243610434568335,False,NORMAL,24,25,54,16,119,0
C:\Users\LEGION\Desktop\SmartCane_实机调试\SmartCane\验收材料\MAX30102与节律筛查验收\01-采集数据\第3轮-算法修改后最终验收-P041至P043\ppg_20260831_225624_976_P041_rhythm_normal.csv,P041,rhythm_normal,NORMAL,307255,12,0.959,True,0.17942184826982455,False,NORMAL,12,16,23,10,122,0
C:\Users\LEGION\Desktop\SmartCane_实机调试\SmartCane\验收材料\MAX30102与节律筛查验收\01-采集数据\第3轮-算法修改后最终验收-P041至P043\ppg_20260831_225624_976_P041_rhythm_normal.csv,P041,rhythm_normal,NORMAL,312265,14,0.925,True,0.22385204168222414,False,NORMAL,25,21,29,16,117,0
C:\Users\LEGION\Desktop\SmartCane_实机调试\SmartCane\验收材料\MAX30102与节律筛查验收\01-采集数据\第3轮-算法修改后最终验收-P041至P043\ppg_20260831_225624_976_P041_rhythm_normal.csv,P041,rhythm_normal,NORMAL,324885,14,0.9652,True,0.19979894112458874,False,NORMAL,17,16,29,9,123,0
C:\Users\LEGION\Desktop\SmartCane_实机调试\SmartCane\验收材料\MAX30102与节律筛查验收\01-采集数据\第3轮-算法修改后最终验收-P041至P043\ppg_20260831_225624_976_P041_rhythm_normal.csv,P041,rhythm_normal,NORMAL,329885,18,0.9122,True,0.2112843597372585,False,NORMAL,17,18,30,17,116,0
C:\Users\LEGION\Desktop\SmartCane_实机调试\SmartCane\验收材料\MAX30102与节律筛查验收\01-采集数据\第3轮-算法修改后最终验收-P041至P043\ppg_20260831_225624_976_P041_rhythm_normal.csv,P041,rhythm_normal,NORMAL,334895,17,0.9661,True,0.19860507673406672,False,NORMAL,17,20,24,17,123,0
C:\Users\LEGION\Desktop\SmartCane_实机调试\SmartCane\验收材料\MAX30102与节律筛查验收\01-采集数据\第3轮-算法修改后最终验收-P041至P043\ppg_20260831_225624_976_P041_rhythm_normal.csv,P041,rhythm_normal,NORMAL,339865,17,0.9745,True,0.17390668907199544,False,NORMAL,14,19,16,16,124,0
C:\Users\LEGION\Desktop\SmartCane_实机调试\SmartCane\验收材料\MAX30102与节律筛查验收\01-采集数据\第3轮-算法修改后最终验收-P041至P043\ppg_20260831_225624_976_P041_rhythm_normal.csv,P041,rhythm_normal,NORMAL,344865,17,0.9631,True,0.18947708794222318,False,NORMAL,13,19,24,14,122,0
C:\Users\LEGION\Desktop\SmartCane_实机调试\SmartCane\验收材料\MAX30102与节律筛查验收\01-采集数据\第3轮-算法修改后最终验收-P041至P043\ppg_20260831_225624_976_P041_rhythm_normal.csv,P041,rhythm_normal,NORMAL,349875,17,0.9676,True,0.1773742078018722,False,NORMAL,9,17,24,8,123,0
C:\Users\LEGION\Desktop\SmartCane_实机调试\SmartCane\验收材料\MAX30102与节律筛查验收\01-采集数据\第3轮-算法修改后最终验收-P041至P043\ppg_20260831_225624_976_P041_rhythm_normal.csv,P041,rhythm_normal,NORMAL,354885,16,0.9645,True,0.20422246289106624,False,NORMAL,12,16,34,8,122,0
C:\Users\LEGION\Desktop\SmartCane_实机调试\SmartCane\验收材料\MAX30102与节律筛查验收\01-采集数据\第3轮-算法修改后最终验收-P041至P043\ppg_20260831_225624_976_P041_rhythm_normal.csv,P041,rhythm_normal,NORMAL,359885,17,0.9638,True,0.17671994239867003,False,NORMAL,11,14,24,8,122,0
C:\Users\LEGION\Desktop\SmartCane_实机调试\SmartCane\验收材料\MAX30102与节律筛查验收\01-采集数据\第3轮-算法修改后最终验收-P041至P043\ppg_20260831_225624_976_P041_rhythm_normal.csv,P041,rhythm_normal,NORMAL,364895,16,0.9669,True,0.1829003993122496,False,NORMAL,12,15,25,10,123,0
C:\Users\LEGION\Desktop\SmartCane_实机调试\SmartCane\验收材料\MAX30102与节律筛查验收\01-采集数据\第3轮-算法修改后最终验收-P041至P043\ppg_20260831_225624_976_P041_rhythm_normal.csv,P041,rhythm_normal,NORMAL,369865,17,0.957,True,0.19403933299989806,False,NORMAL,16,18,24,16,122,0
C:\Users\LEGION\Desktop\SmartCane_实机调试\SmartCane\验收材料\MAX30102与节律筛查验收\01-采集数据\第3轮-算法修改后最终验收-P041至P043\ppg_20260831_225624_976_P041_rhythm_normal.csv,P041,rhythm_normal,NORMAL,374865,17,0.9529,True,0.24812375081552257,False,NORMAL,18,24,40,17,121,0
C:\Users\LEGION\Desktop\SmartCane_实机调试\SmartCane\验收材料\MAX30102与节律筛查验收\01-采集数据\第3轮-算法修改后最终验收-P041至P043\ppg_20260831_225901_236_P042_rhythm_normal.csv,P042,rhythm_normal,NORMAL,444285,12,0.9449,True,0.17715590847496338,False,NORMAL,22,20,12,17,120,0
C:\Users\LEGION\Desktop\SmartCane_实机调试\SmartCane\验收材料\MAX30102与节律筛查验收\01-采集数据\第3轮-算法修改后最终验收-P041至P043\ppg_20260831_225901_236_P042_rhythm_normal.csv,P042,rhythm_normal,NORMAL,449285,18,0.9578,True,0.1815620412837829,False,NORMAL,21,19,15,17,122,0
C:\Users\LEGION\Desktop\SmartCane_实机调试\SmartCane\验收材料\MAX30102与节律筛查验收\01-采集数据\第3轮-算法修改后最终验收-P041至P043\ppg_20260831_225901_236_P042_rhythm_normal.csv,P042,rhythm_normal,NORMAL,454295,18,0.9519,True,0.18045257431529504,False,NORMAL,21,18,15,17,121,0
C:\Users\LEGION\Desktop\SmartCane_实机调试\SmartCane\验收材料\MAX30102与节律筛查验收\01-采集数据\第3轮-算法修改后最终验收-P041至P043\ppg_20260831_225901_236_P042_rhythm_normal.csv,P042,rhythm_normal,NORMAL,459265,17,0.9748,True,0.16602430014163425,False,NORMAL,15,15,16,9,124,0
C:\Users\LEGION\Desktop\SmartCane_实机调试\SmartCane\验收材料\MAX30102与节律筛查验收\01-采集数据\第3轮-算法修改后最终验收-P041至P043\ppg_20260831_225901_236_P042_rhythm_normal.csv,P042,rhythm_normal,NORMAL,464275,17,0.9748,True,0.13971759333982256,False,NORMAL,10,11,8,8,124,0
C:\Users\LEGION\Desktop\SmartCane_实机调试\SmartCane\验收材料\MAX30102与节律筛查验收\01-采集数据\第3轮-算法修改后最终验收-P041至P043\ppg_20260831_225901_236_P042_rhythm_normal.csv,P042,rhythm_normal,NORMAL,469275,17,0.9796,True,0.13580627461696812,False,NORMAL,8,9,8,8,124,0
C:\Users\LEGION\Desktop\SmartCane_实机调试\SmartCane\验收材料\MAX30102与节律筛查验收\01-采集数据\第3轮-算法修改后最终验收-P041至P043\ppg_20260831_225901_236_P042_rhythm_normal.csv,P042,rhythm_normal,NORMAL,474285,17,0.9506,True,0.15247045364723721,False,NORMAL,20,12,8,9,121,0
C:\Users\LEGION\Desktop\SmartCane_实机调试\SmartCane\验收材料\MAX30102与节律筛查验收\01-采集数据\第3轮-算法修改后最终验收-P041至P043\ppg_20260831_225901_236_P042_rhythm_normal.csv,P042,rhythm_normal,NORMAL,479295,18,0.9507,True,0.1701403852734209,False,NORMAL,20,15,15,9,121,0
C:\Users\LEGION\Desktop\SmartCane_实机调试\SmartCane\验收材料\MAX30102与节律筛查验收\01-采集数据\第3轮-算法修改后最终验收-P041至P043\ppg_20260831_225901_236_P042_rhythm_normal.csv,P042,rhythm_normal,NORMAL,484295,18,0.9423,True,0.2503644352934576,False,NORMAL,22,25,37,20,120,0
C:\Users\LEGION\Desktop\SmartCane_实机调试\SmartCane\验收材料\MAX30102与节律筛查验收\01-采集数据\第3轮-算法修改后最终验收-P041至P043\ppg_20260831_230038_061_P043_rhythm_normal.csv,P043,rhythm_normal,NORMAL,526075,13,0.9346,True,0.21220040349373048,False,NORMAL,20,17,32,8,119,0
C:\Users\LEGION\Desktop\SmartCane_实机调试\SmartCane\验收材料\MAX30102与节律筛查验收\01-采集数据\第3轮-算法修改后最终验收-P041至P043\ppg_20260831_230038_061_P043_rhythm_normal.csv,P043,rhythm_normal,NORMAL,534085,17,0.8942,True,0.36416878119147345,False,NORMAL,38,45,40,60,114,0
C:\Users\LEGION\Desktop\SmartCane_实机调试\SmartCane\验收材料\MAX30102与节律筛查验收\01-采集数据\第3轮-算法修改后最终验收-P041至P043\ppg_20260831_230038_061_P043_rhythm_normal.csv,P043,rhythm_normal,NORMAL,549065,15,0.9633,True,0.25139590849300714,False,NORMAL,31,21,36,14,122,0
