recorded_at,trial_id,label,ground_truth,classification,suspected_seen,fall_seen,cancel_seen,action_marked,samples,rate_hz,dropped,resets,max_gap_ms,file
2026-08-31T13:05:48,T001,static_upright,normal,TN,0,0,0,1,143,10.000,0,0,176.0,imu_20260831_130534_349_T001_static_upright.csv
2026-08-31T13:12:18,T002,normal_walk,normal,TN,0,0,0,0,232,10.000,5,0,200.0,imu_20260831_131154_813_T002_normal_walk.csv
2026-08-31T13:13:57,T003,fast_walk,normal,TN,0,0,0,1,332,10.000,7,0,303.0,imu_20260831_131323_711_T003_fast_walk.csv
2026-08-31T13:14:22,T004,cane_swing,normal,TN,0,0,0,1,163,10.000,0,0,107.0,imu_20260831_131405_716_T004_cane_swing.csv
2026-08-31T13:14:41,T005,turn_left,normal,TN,0,0,0,0,135,10.000,0,0,127.0,imu_20260831_131427_649_T005_turn_left.csv
2026-08-31T13:14:57,T006,turn_right,normal,TN,0,0,0,0,103,10.000,0,0,117.0,imu_20260831_131447_542_T006_turn_right.csv
2026-08-31T13:15:23,T007,stairs_up,normal,TN,0,0,0,1,219,10.000,0,0,137.0,imu_20260831_131501_852_T007_stairs_up.csv
2026-08-31T13:15:47,T008,stairs_down,normal,TN,0,0,0,1,158,10.000,0,0,137.0,imu_20260831_131531_444_T008_stairs_down.csv
2026-08-31T13:16:12,T009,lean_wall,normal,TN,0,0,0,1,187,10.000,0,0,127.0,imu_20260831_131553_197_T009_lean_wall.csv
2026-08-31T13:16:24,T010,put_down,normal,TN,0,0,0,0,87,10.000,0,0,100.0,imu_20260831_131616_125_T010_put_down.csv
2026-08-31T13:16:45,T011,pick_up,normal,TN,0,0,0,1,105,10.000,0,0,147.0,imu_20260831_131635_077_T011_pick_up.csv
2026-08-31T13:17:01,T012,tip_collision,normal,TN,0,0,0,1,119,10.000,0,0,118.0,imu_20260831_131649_746_T012_tip_collision.csv
2026-08-31T13:17:17,T013,fall_forward,fall,TP,1,0,0,1,77,10.000,0,0,137.0,imu_20260831_131709_312_T013_fall_forward.csv
2026-08-31T13:17:50,T014,fall_backward,fall,TP,1,0,0,1,141,10.000,0,0,100.0,imu_20260831_131735_952_T014_fall_backward.csv
2026-08-31T13:18:10,T015,fall_left,fall,TP,1,1,0,1,118,10.000,2,0,200.0,imu_20260831_131757_389_T015_fall_left.csv
2026-08-31T13:18:32,T016,fall_right,fall,TP,1,0,0,0,125,10.000,0,0,100.0,imu_20260831_131820_013_T016_fall_right.csv
2026-08-31T13:28:39,T017,static_upright,normal,TN,0,0,0,1,44,10.000,0,0,100.0,imu_20260831_132834_709_T017_static_upright.csv
2026-08-31T13:28:54,T018,normal_walk,normal,TN,0,0,0,1,110,10.000,1,0,190.0,imu_20260831_132842_821_T018_normal_walk.csv
2026-08-31T13:29:10,T019,fast_walk,normal,TN,0,0,0,1,115,10.000,0,0,100.0,imu_20260831_132858_613_T019_fast_walk.csv
2026-08-31T13:29:29,T020,cane_swing,normal,TN,0,0,0,1,135,10.000,0,0,100.0,imu_20260831_132915_757_T020_cane_swing.csv
2026-08-31T13:29:45,T021,turn_left,normal,TN,0,0,0,1,107,10.000,0,0,100.0,imu_20260831_132934_324_T021_turn_left.csv
2026-08-31T13:29:58,T022,turn_right,normal,TN,0,0,0,1,65,10.000,0,0,100.0,imu_20260831_132951_733_T022_turn_right.csv
2026-08-31T13:30:07,T023,stairs_up,normal,TN,0,0,0,1,51,10.000,0,0,100.0,imu_20260831_133002_749_T023_stairs_up.csv
2026-08-31T13:30:22,T024,stairs_down,normal,TN,0,0,0,1,96,10.000,1,0,200.0,imu_20260831_133012_527_T024_stairs_down.csv
2026-08-31T13:30:33,T025,lean_wall,normal,TN,0,0,0,1,65,10.000,0,0,100.0,imu_20260831_133027_003_T025_lean_wall.csv
2026-08-31T13:30:47,T026,put_down,normal,TN,0,0,0,1,67,10.000,1,0,200.0,imu_20260831_133040_174_T026_put_down.csv
2026-08-31T13:31:00,T027,pick_up,normal,TN,0,0,0,1,67,10.000,0,0,100.0,imu_20260831_133053_957_T027_pick_up.csv
2026-08-31T13:31:11,T028,tip_collision,normal,TN,0,0,0,1,71,10.000,0,0,100.0,imu_20260831_133104_008_T028_tip_collision.csv
2026-08-31T13:31:33,T029,fall_forward,fall,FN,0,0,0,1,167,10.000,1,0,200.0,imu_20260831_133116_447_T029_fall_forward.csv
2026-08-31T13:31:53,T030,fall_backward,fall,FN,0,0,0,1,103,10.000,1,0,200.0,imu_20260831_133142_668_T030_fall_backward.csv
2026-08-31T13:32:04,T031,fall_left,fall,TP,1,0,0,1,59,10.000,0,0,100.0,imu_20260831_133158_495_T031_fall_left.csv
2026-08-31T13:32:19,T032,fall_right,fall,FN,0,0,0,1,68,10.000,0,0,100.0,imu_20260831_133212_293_T032_fall_right.csv
2026-08-31T14:06:14,T001,static_upright,normal,TN,0,0,0,1,21,10.000,0,0,100.0,imu_20260831_140612_038_T001_static_upright.csv
2026-08-31T14:06:31,T002,normal_walk,normal,TN,0,0,0,1,97,10.000,2,0,200.0,imu_20260831_140621_838_T002_normal_walk.csv
2026-08-31T14:06:46,T003,fast_walk,normal,TN,0,0,0,1,99,10.000,0,0,100.0,imu_20260831_140636_701_T003_fast_walk.csv
2026-08-31T14:06:59,T004,cane_swing,normal,TN,0,0,0,1,90,10.000,0,0,108.0,imu_20260831_140649_959_T004_cane_swing.csv
2026-08-31T14:07:10,T005,turn_left,normal,TN,0,0,0,1,79,10.000,0,0,100.0,imu_20260831_140701_978_T005_turn_left.csv
2026-08-31T14:07:22,T006,turn_right,normal,TN,0,0,0,1,82,10.000,0,0,111.0,imu_20260831_140713_919_T006_turn_right.csv
2026-08-31T14:07:30,T007,stairs_up,normal,TN,0,0,0,0,44,10.000,0,0,100.0,imu_20260831_140725_655_T007_stairs_up.csv
2026-08-31T14:07:43,T008,stairs_down,normal,TN,0,0,0,1,65,10.000,0,0,100.0,imu_20260831_140737_213_T008_stairs_down.csv
2026-08-31T14:07:52,T009,lean_wall,normal,TN,0,0,0,1,32,10.000,0,0,108.0,imu_20260831_140748_590_T009_lean_wall.csv
2026-08-31T14:07:59,T010,put_down,normal,TN,0,0,0,1,44,10.000,0,0,130.0,imu_20260831_140755_293_T010_put_down.csv
2026-08-31T14:08:08,T011,pick_up,normal,TN,0,0,0,1,40,10.000,0,0,100.0,imu_20260831_140804_062_T011_pick_up.csv
2026-08-31T14:08:33,T012,tip_collision,normal,TN,0,0,0,1,48,10.000,0,0,100.0,imu_20260831_140828_563_T012_tip_collision.csv
2026-08-31T14:08:45,T013,fall_forward,fall,FN,0,0,0,1,74,10.000,0,0,100.0,imu_20260831_140837_862_T013_fall_forward.csv
2026-08-31T14:08:57,T014,fall_backward,fall,TP,1,0,0,1,70,10.000,0,0,110.0,imu_20260831_140850_204_T014_fall_backward.csv
2026-08-31T14:09:13,T015,fall_left,fall,TP,1,0,0,1,75,10.000,0,0,100.0,imu_20260831_140906_231_T015_fall_left.csv
2026-08-31T14:09:30,T016,fall_right,fall,TP,1,0,0,1,48,10.000,0,0,100.0,imu_20260831_140925_773_T016_fall_right.csv
2026-08-31T18:48:28,T001,static_upright,normal,TN,0,0,0,1,136,10.000,0,0,117.0,imu_20260831_184814_572_T001_static_upright.csv
2026-08-31T18:48:46,T002,normal_walk,normal,TN,0,0,0,1,117,10.000,0,0,104.0,imu_20260831_184834_940_T002_normal_walk.csv
2026-08-31T18:49:09,T003,fast_walk,normal,TN,0,0,0,1,59,10.000,0,0,100.0,imu_20260831_184903_036_T003_fast_walk.csv
2026-08-31T18:49:19,T004,cane_swing,normal,TN,0,0,0,1,66,10.000,0,0,107.0,imu_20260831_184912_557_T004_cane_swing.csv
2026-08-31T18:49:30,T005,turn_left,normal,TN,0,0,0,1,82,10.000,0,0,117.0,imu_20260831_184921_892_T005_turn_left.csv
2026-08-31T18:49:53,T006,turn_right,normal,TN,0,0,0,1,82,10.000,0,0,107.0,imu_20260831_184945_020_T006_turn_right.csv
2026-08-31T18:50:06,T007,stairs_up,normal,TN,0,0,0,1,88,10.000,0,0,100.0,imu_20260831_184957_389_T007_stairs_up.csv
2026-08-31T18:50:29,T008,stairs_down,normal,TN,0,0,0,1,90,10.000,0,0,117.0,imu_20260831_185020_532_T008_stairs_down.csv
2026-08-31T18:50:39,T009,lean_wall,normal,TN,0,0,0,1,62,10.000,0,0,100.0,imu_20260831_185032_803_T009_lean_wall.csv
2026-08-31T18:50:46,T010,put_down,normal,TN,0,0,0,1,43,10.000,0,0,100.0,imu_20260831_185041_955_T010_put_down.csv
2026-08-31T18:51:01,T011,pick_up,normal,TN,0,0,0,1,52,10.000,0,0,108.0,imu_20260831_185056_220_T011_pick_up.csv
2026-08-31T18:51:12,T012,tip_collision,normal,TN,0,0,0,1,57,10.000,0,0,100.0,imu_20260831_185106_238_T012_tip_collision.csv
2026-08-31T18:51:25,T013,fall_forward,fall,TP,1,1,0,1,89,10.000,0,0,100.0,imu_20260831_185116_533_T013_fall_forward.csv
2026-08-31T18:52:10,T014,fall_backward,fall,FN,0,0,0,1,27,10.000,0,0,100.0,imu_20260831_185152_141_T014_fall_backward.csv
2026-08-31T18:52:25,T015,fall_backward,fall,TP,1,0,0,1,68,10.000,0,0,100.0,imu_20260831_185218_860_T015_fall_backward.csv
2026-08-31T18:52:48,T016,fall_left,fall,TP,1,0,0,1,92,10.000,0,0,110.0,imu_20260831_185239_500_T016_fall_left.csv
2026-08-31T18:53:30,T017,fall_right,fall,TP,1,0,0,1,220,10.000,1,0,200.0,imu_20260831_185307_771_T017_fall_right.csv
