pc_time,pc_monotonic_ms,trial_id,label,expected_state,reference_hr_bpm,reference_spo2_pct,action_marker,seq,t_ms,red,ir,red_dc,ir_dc,red_ac,ir_ac,filtered_ir,envelope,peak_candidate,beat_accepted,ibi_ms,finger,sqi,hr_bpm,spo2_pct,valid,fifo_overflow,rhythm_state,rhythm_valid,rhythm_confidence,model_calibrated,rhythm_ibi_mean_ms,rhythm_sdnn_ms,rhythm_rmssd_ms,rhythm_pnn50,rhythm_beat_count,rhythm_inference_us,rhythm_inference_count,rhythm_model_bytes,rhythm_classifier_state_bytes,imu_accel_g,imu_gyro_dps
2026-08-31T20:56:13.660,121012906,P001,no_finger,NO_FINGER,,,,1,564757,4881,4769,nan,nan,nan,nan,nan,nan,False,False,nan,False,0.0,nan,nan,False,0,NO_FINGER,0,,0,,,,,0,0,0,30,60,0.9994523500397605,0.17320508075688776
2026-08-31T20:56:13.691,121012937,P001,no_finger,NO_FINGER,,,,2,564797,4823,4732,nan,nan,nan,nan,nan,nan,False,False,nan,False,0.0,nan,nan,False,0,NO_FINGER,0,,0,,,,,0,0,0,30,60,0.9994523500397605,0.17320508075688776
2026-08-31T20:56:13.816,121013062,P001,no_finger,NO_FINGER,,,,3,564837,4768,4698,nan,nan,nan,nan,nan,nan,False,False,nan,False,0.0,nan,nan,False,0,NO_FINGER,0,,0,,,,,0,0,0,30,60,0.9996839500562165,0.14142135623730953
2026-08-31T20:56:13.822,121013078,P001,no_finger,NO_FINGER,,,,4,564877,4708,4641,nan,nan,nan,nan,nan,nan,False,False,nan,False,0.0,nan,nan,False,0,NO_FINGER,0,,0,,,,,0,0,0,30,60,0.9996839500562165,0.14142135623730953
2026-08-31T20:56:13.829,121013078,P001,no_finger,NO_FINGER,,,,5,564917,4664,4597,nan,nan,nan,nan,nan,nan,False,False,nan,False,0.0,nan,nan,False,0,NO_FINGER,0,,0,,,,,0,0,0,30,60,0.9996839500562165,0.14142135623730953
2026-08-31T20:56:13.850,121013093,P001,no_finger,NO_FINGER,,,,6,564957,4639,4563,nan,nan,nan,nan,nan,nan,False,False,nan,False,0.0,nan,nan,False,0,NO_FINGER,0,,0,,,,,0,0,0,30,60,0.9996839500562165,0.14142135623730953
2026-08-31T20:56:13.890,121013140,P001,no_finger,NO_FINGER,,,,7,564997,4597,4526,nan,nan,nan,nan,nan,nan,False,False,nan,False,0.0,nan,nan,False,0,NO_FINGER,0,,0,,,,,0,0,0,30,60,0.9996839500562165,0.14142135623730953
2026-08-31T20:56:14.017,121013265,P001,no_finger,NO_FINGER,,,,8,565037,4572,4517,nan,nan,nan,nan,nan,nan,False,False,nan,False,0.0,nan,nan,False,0,NO_FINGER,0,,0,,,,,0,0,0,30,60,0.9994523500397605,0.24494897427831783
2026-08-31T20:56:14.022,121013265,P001,no_finger,NO_FINGER,,,,9,565077,4578,4512,nan,nan,nan,nan,nan,nan,False,False,nan,False,0.0,nan,nan,False,0,NO_FINGER,0,,0,,,,,0,0,0,30,60,0.9994523500397605,0.24494897427831783
2026-08-31T20:56:14.029,121013281,P001,no_finger,NO_FINGER,,,,10,565117,4572,4508,nan,nan,nan,nan,nan,nan,False,False,nan,False,0.0,nan,nan,False,0,NO_FINGER,0,,0,,,,,0,0,0,30,60,0.9994523500397605,0.24494897427831783
2026-08-31T20:56:14.050,121013296,P001,no_finger,NO_FINGER,,,,11,565157,4582,4513,nan,nan,nan,nan,nan,nan,False,False,nan,False,0.0,nan,nan,False,0,NO_FINGER,0,,0,,,,,0,0,0,30,60,0.9994523500397605,0.24494897427831783
2026-08-31T20:56:14.090,121013343,P001,no_finger,NO_FINGER,,,,12,565197,4581,4509,nan,nan,nan,nan,nan,nan,False,False,nan,False,0.0,nan,nan,False,0,NO_FINGER,0,,0,,,,,0,0,0,30,60,0.9994523500397605,0.24494897427831783
2026-08-31T20:56:14.216,121013468,P001,no_finger,NO_FINGER,,,,13,565237,4549,4482,nan,nan,nan,nan,nan,nan,False,False,nan,False,0.0,nan,nan,False,0,NO_FINGER,0,,0,,,,,0,0,0,30,60,0.9994668578797398,0.3464101615137755
2026-08-31T20:56:14.221,121013468,P001,no_finger,NO_FINGER,,,,14,565277,4536,4464,nan,nan,nan,nan,nan,nan,False,False,nan,False,0.0,nan,nan,False,0,NO_FINGER,0,,0,,,,,0,0,0,30,60,0.9994668578797398,0.3464101615137755
2026-08-31T20:56:14.230,121013484,P001,no_finger,NO_FINGER,,,,15,565317,4539,4464,nan,nan,nan,nan,nan,nan,False,False,nan,False,0.0,nan,nan,False,0,NO_FINGER,0,,0,,,,,0,0,0,30,60,0.9994668578797398,0.3464101615137755
2026-08-31T20:56:14.250,121013500,P001,no_finger,NO_FINGER,,,,16,565357,4553,4476,nan,nan,nan,nan,nan,nan,False,False,nan,False,0.0,nan,nan,False,0,NO_FINGER,0,,0,,,,,0,0,0,30,60,0.9994668578797398,0.3464101615137755
2026-08-31T20:56:14.292,121013546,P001,no_finger,NO_FINGER,,,,17,565397,4547,4470,nan,nan,nan,nan,nan,nan,False,False,nan,False,0.0,nan,nan,False,0,NO_FINGER,0,,0,,,,,0,0,0,30,60,0.9994668578797398,0.3464101615137755
2026-08-31T20:56:14.418,121013671,P001,no_finger,NO_FINGER,,,,18,565437,4530,4458,nan,nan,nan,nan,nan,nan,False,False,nan,False,0.0,nan,nan,False,0,NO_FINGER,0,,0,,,,,0,0,0,30,60,0.9992342067803723,0.24494897427831783
2026-08-31T20:56:14.424,121013671,P001,no_finger,NO_FINGER,,,,19,565477,4551,4477,nan,nan,nan,nan,nan,nan,False,False,nan,False,0.0,nan,nan,False,0,NO_FINGER,0,,0,,,,,0,0,0,30,60,0.9992342067803723,0.24494897427831783
2026-08-31T20:56:14.429,121013687,P001,no_finger,NO_FINGER,,,,20,565517,4553,4471,nan,nan,nan,nan,nan,nan,False,False,nan,False,0.0,nan,nan,False,0,NO_FINGER,0,,0,,,,,0,0,0,30,60,0.9992342067803723,0.24494897427831783
2026-08-31T20:56:14.452,121013703,P001,no_finger,NO_FINGER,,,,21,565557,4542,4473,nan,nan,nan,nan,nan,nan,False,False,nan,False,0.0,nan,nan,False,0,NO_FINGER,0,,0,,,,,0,0,0,30,60,0.9992342067803723,0.24494897427831783
2026-08-31T20:56:14.491,121013734,P001,no_finger,NO_FINGER,,,,22,565597,4535,4468,nan,nan,nan,nan,nan,nan,False,False,nan,False,0.0,nan,nan,False,0,NO_FINGER,0,,0,,,,,0,0,0,30,60,0.9992342067803723,0.24494897427831783
2026-08-31T20:56:14.623,121013875,P001,no_finger,NO_FINGER,,,,23,565637,4556,4477,nan,nan,nan,nan,nan,nan,False,False,nan,False,0.0,nan,nan,False,0,NO_FINGER,0,,0,,,,,0,0,0,30,60,0.9992342067803723,0.24494897427831783
2026-08-31T20:56:14.629,121013875,P001,no_finger,NO_FINGER,,,,24,565677,4555,4472,nan,nan,nan,nan,nan,nan,False,False,nan,False,0.0,nan,nan,False,0,NO_FINGER,0,,0,,,,,0,0,0,30,60,0.9992342067803723,0.24494897427831783
2026-08-31T20:56:14.634,121013890,P001,no_finger,NO_FINGER,,,,25,565717,4547,4478,nan,nan,nan,nan,nan,nan,False,False,nan,False,0.0,nan,nan,False,0,NO_FINGER,0,,0,,,,,0,0,0,30,60,0.9992342067803723,0.24494897427831783
2026-08-31T20:56:14.650,121013906,P001,no_finger,NO_FINGER,,,,26,565757,4549,4476,nan,nan,nan,nan,nan,nan,False,False,nan,False,0.0,nan,nan,False,0,NO_FINGER,0,,0,,,,,0,0,0,30,60,0.9992342067803723,0.24494897427831783
2026-08-31T20:56:14.691,121013937,P001,no_finger,NO_FINGER,,,,27,565797,4541,4474,nan,nan,nan,nan,nan,nan,False,False,nan,False,0.0,nan,nan,False,0,NO_FINGER,0,,0,,,,,0,0,0,30,60,0.9992342067803723,0.24494897427831783
2026-08-31T20:56:14.816,121014062,P001,no_finger,NO_FINGER,,,,28,565837,4539,4481,nan,nan,nan,nan,nan,nan,False,False,nan,False,0.0,nan,nan,False,0,NO_FINGER,0,,0,,,,,0,0,0,30,60,0.9992342067803723,0.17320508075688776
2026-08-31T20:56:14.822,121014078,P001,no_finger,NO_FINGER,,,,29,565877,4561,4493,nan,nan,nan,nan,nan,nan,False,False,nan,False,0.0,nan,nan,False,0,NO_FINGER,0,,0,,,,,0,0,0,30,60,0.9992342067803723,0.17320508075688776
2026-08-31T20:56:14.829,121014078,P001,no_finger,NO_FINGER,,,,30,565917,4571,4500,nan,nan,nan,nan,nan,nan,False,False,nan,False,0.0,nan,nan,False,0,NO_FINGER,0,,0,,,,,0,0,0,30,60,0.9992342067803723,0.17320508075688776
2026-08-31T20:56:14.850,121014093,P001,no_finger,NO_FINGER,,,,31,565957,4568,4500,nan,nan,nan,nan,nan,nan,False,False,nan,False,0.0,nan,nan,False,0,NO_FINGER,0,,0,,,,,0,0,0,30,60,0.9992342067803723,0.17320508075688776
2026-08-31T20:56:14.892,121014140,P001,no_finger,NO_FINGER,,,,32,565997,4585,4516,nan,nan,nan,nan,nan,nan,False,False,nan,False,0.0,nan,nan,False,0,NO_FINGER,0,,0,,,,,0,0,0,30,60,0.9992342067803723,0.17320508075688776
2026-08-31T20:56:15.018,121014265,P001,no_finger,NO_FINGER,,,,33,566037,4587,4519,nan,nan,nan,nan,nan,nan,False,False,nan,False,0.0,nan,nan,False,0,NO_FINGER,0,,0,,,,,0,0,0,30,60,0.9992342067803723,0.24494897427831783
2026-08-31T20:56:15.023,121014281,P001,no_finger,NO_FINGER,,,,34,566077,4593,4514,nan,nan,nan,nan,nan,nan,False,False,nan,False,0.0,nan,nan,False,0,NO_FINGER,0,,0,,,,,0,0,0,30,60,0.9992342067803723,0.24494897427831783
2026-08-31T20:56:15.032,121014281,P001,no_finger,NO_FINGER,,,,35,566117,4597,4518,nan,nan,nan,nan,nan,nan,False,False,nan,False,0.0,nan,nan,False,0,NO_FINGER,0,,0,,,,,0,0,0,30,60,0.9992342067803723,0.24494897427831783
2026-08-31T20:56:15.047,121014296,P001,no_finger,NO_FINGER,,,,36,566157,4605,4521,nan,nan,nan,nan,nan,nan,False,False,nan,False,0.0,nan,nan,False,0,NO_FINGER,0,,0,,,,,0,0,0,30,60,0.9992342067803723,0.24494897427831783
2026-08-31T20:56:15.090,121014343,P001,no_finger,NO_FINGER,,,,37,566197,4603,4529,nan,nan,nan,nan,nan,nan,False,False,nan,False,0.0,nan,nan,False,0,NO_FINGER,0,,0,,,,,0,0,0,30,60,0.9992342067803723,0.24494897427831783
2026-08-31T20:56:15.216,121014468,P001,no_finger,NO_FINGER,,,,38,566237,4613,4536,nan,nan,nan,nan,nan,nan,False,False,nan,False,0.0,nan,nan,False,0,NO_FINGER,0,,0,,,,,0,0,0,30,60,0.9992342067803723,0.24494897427831783
2026-08-31T20:56:15.222,121014468,P001,no_finger,NO_FINGER,,,,39,566277,4600,4534,nan,nan,nan,nan,nan,nan,False,False,nan,False,0.0,nan,nan,False,0,NO_FINGER,0,,0,,,,,0,0,0,30,60,0.9992342067803723,0.24494897427831783
2026-08-31T20:56:15.229,121014484,P001,no_finger,NO_FINGER,,,,40,566317,4626,4544,nan,nan,nan,nan,nan,nan,False,False,nan,False,0.0,nan,nan,False,0,NO_FINGER,0,,0,,,,,0,0,0,30,60,0.9992342067803723,0.24494897427831783
2026-08-31T20:56:15.252,121014500,P001,no_finger,NO_FINGER,,,,41,566357,4647,4563,nan,nan,nan,nan,nan,nan,False,False,nan,False,0.0,nan,nan,False,0,NO_FINGER,0,,0,,,,,0,0,0,30,60,0.9992342067803723,0.24494897427831783
2026-08-31T20:56:15.290,121014546,P001,no_finger,NO_FINGER,,,,42,566397,4645,4564,nan,nan,nan,nan,nan,nan,False,False,nan,False,0.0,nan,nan,False,0,NO_FINGER,0,,0,,,,,0,0,0,30,60,0.9992342067803723,0.24494897427831783
2026-08-31T20:56:15.416,121014671,P001,no_finger,NO_FINGER,,,,43,566437,4656,4559,nan,nan,nan,nan,nan,nan,False,False,nan,False,0.0,nan,nan,False,0,NO_FINGER,0,,0,,,,,0,0,0,30,60,0.9992342067803723,0.17320508075688776
2026-08-31T20:56:15.422,121014671,P001,no_finger,NO_FINGER,,,,44,566477,4664,4580,nan,nan,nan,nan,nan,nan,False,False,nan,False,0.0,nan,nan,False,0,NO_FINGER,0,,0,,,,,0,0,0,30,60,0.9992342067803723,0.17320508075688776
2026-08-31T20:56:15.429,121014687,P001,no_finger,NO_FINGER,,,,45,566517,4668,4585,nan,nan,nan,nan,nan,nan,False,False,nan,False,0.0,nan,nan,False,0,NO_FINGER,0,,0,,,,,0,0,0,30,60,0.9992342067803723,0.17320508075688776
2026-08-31T20:56:15.450,121014703,P001,no_finger,NO_FINGER,,,,46,566557,4681,4590,nan,nan,nan,nan,nan,nan,False,False,nan,False,0.0,nan,nan,False,0,NO_FINGER,0,,0,,,,,0,0,0,30,60,0.9992342067803723,0.17320508075688776
2026-08-31T20:56:15.490,121014734,P001,no_finger,NO_FINGER,,,,47,566597,4680,4589,nan,nan,nan,nan,nan,nan,False,False,nan,False,0.0,nan,nan,False,0,NO_FINGER,0,,0,,,,,0,0,0,30,60,0.9992342067803723,0.17320508075688776
2026-08-31T20:56:15.616,121014875,P001,no_finger,NO_FINGER,,,,48,566637,4672,4591,nan,nan,nan,nan,nan,nan,False,False,nan,False,0.0,nan,nan,False,0,NO_FINGER,0,,0,,,,,0,0,0,30,60,0.9994668578797398,0.24494897427831783
2026-08-31T20:56:15.622,121014875,P001,no_finger,NO_FINGER,,,,49,566677,4691,4612,nan,nan,nan,nan,nan,nan,False,False,nan,False,0.0,nan,nan,False,0,NO_FINGER,0,,0,,,,,0,0,0,30,60,0.9994668578797398,0.24494897427831783
2026-08-31T20:56:15.630,121014875,P001,no_finger,NO_FINGER,,,,50,566717,4707,4623,nan,nan,nan,nan,nan,nan,False,False,nan,False,0.0,nan,nan,False,0,NO_FINGER,0,,0,,,,,0,0,0,30,60,0.9994668578797398,0.24494897427831783
2026-08-31T20:56:15.651,121014906,P001,no_finger,NO_FINGER,,,,51,566757,4712,4623,nan,nan,nan,nan,nan,nan,False,False,nan,False,0.0,nan,nan,False,0,NO_FINGER,0,,0,,,,,0,0,0,30,60,0.9994668578797398,0.24494897427831783
2026-08-31T20:56:15.690,121014937,P001,no_finger,NO_FINGER,,,,52,566797,4709,4626,nan,nan,nan,nan,nan,nan,False,False,nan,False,0.0,nan,nan,False,0,NO_FINGER,0,,0,,,,,0,0,0,30,60,0.9994668578797398,0.24494897427831783
2026-08-31T20:56:15.816,121015062,P001,no_finger,NO_FINGER,,,,53,566837,4726,4638,nan,nan,nan,nan,nan,nan,False,False,nan,False,0.0,nan,nan,False,0,NO_FINGER,0,,0,,,,,0,0,0,30,60,0.9992342067803723,0.17320508075688776
2026-08-31T20:56:15.823,121015078,P001,no_finger,NO_FINGER,,,,54,566877,4716,4628,nan,nan,nan,nan,nan,nan,False,False,nan,False,0.0,nan,nan,False,0,NO_FINGER,0,,0,,,,,0,0,0,30,60,0.9992342067803723,0.17320508075688776
2026-08-31T20:56:15.830,121015078,P001,no_finger,NO_FINGER,,,,55,566917,4693,4613,nan,nan,nan,nan,nan,nan,False,False,nan,False,0.0,nan,nan,False,0,NO_FINGER,0,,0,,,,,0,0,0,30,60,0.9992342067803723,0.17320508075688776
2026-08-31T20:56:15.851,121015109,P001,no_finger,NO_FINGER,,,,56,566957,4710,4623,nan,nan,nan,nan,nan,nan,False,False,nan,False,0.0,nan,nan,False,0,NO_FINGER,0,,0,,,,,0,0,0,30,60,0.9992342067803723,0.17320508075688776
2026-08-31T20:56:15.890,121015140,P001,no_finger,NO_FINGER,,,,57,566997,4718,4633,nan,nan,nan,nan,nan,nan,False,False,nan,False,0.0,nan,nan,False,0,NO_FINGER,0,,0,,,,,0,0,0,30,60,0.9992342067803723,0.17320508075688776
2026-08-31T20:56:16.017,121015265,P001,no_finger,NO_FINGER,,,,58,567037,4713,4630,nan,nan,nan,nan,nan,nan,False,False,nan,False,0.0,nan,nan,False,0,NO_FINGER,0,,0,,,,,0,0,0,30,60,0.9992342067803723,0.24494897427831783
2026-08-31T20:56:16.023,121015281,P001,no_finger,NO_FINGER,,,,59,567077,4726,4647,nan,nan,nan,nan,nan,nan,False,False,nan,False,0.0,nan,nan,False,0,NO_FINGER,0,,0,,,,,0,0,0,30,60,0.9992342067803723,0.24494897427831783
2026-08-31T20:56:16.029,121015281,P001,no_finger,NO_FINGER,,,,60,567117,4715,4636,nan,nan,nan,nan,nan,nan,False,False,nan,False,0.0,nan,nan,False,0,NO_FINGER,0,,0,,,,,0,0,0,30,60,0.9992342067803723,0.24494897427831783
2026-08-31T20:56:16.050,121015296,P001,no_finger,NO_FINGER,,,,61,567157,4712,4629,nan,nan,nan,nan,nan,nan,False,False,nan,False,0.0,nan,nan,False,0,NO_FINGER,0,,0,,,,,0,0,0,30,60,0.9992342067803723,0.24494897427831783
2026-08-31T20:56:16.091,121015343,P001,no_finger,NO_FINGER,,,,62,567197,4720,4641,nan,nan,nan,nan,nan,nan,False,False,nan,False,0.0,nan,nan,False,0,NO_FINGER,0,,0,,,,,0,0,0,30,60,0.9992342067803723,0.24494897427831783
2026-08-31T20:56:16.216,121015468,P001,no_finger,NO_FINGER,,,,63,567237,4731,4646,nan,nan,nan,nan,nan,nan,False,False,nan,False,0.0,nan,nan,False,0,NO_FINGER,0,,0,,,,,0,0,0,30,60,0.9994668578797398,0.24494897427831783
2026-08-31T20:56:16.222,121015468,P001,no_finger,NO_FINGER,,,,64,567277,4722,4643,nan,nan,nan,nan,nan,nan,False,False,nan,False,0.0,nan,nan,False,0,NO_FINGER,0,,0,,,,,0,0,0,30,60,0.9994668578797398,0.24494897427831783
2026-08-31T20:56:16.232,121015484,P001,no_finger,NO_FINGER,,,,65,567317,4725,4634,nan,nan,nan,nan,nan,nan,False,False,nan,False,0.0,nan,nan,False,0,NO_FINGER,0,,0,,,,,0,0,0,30,60,0.9994668578797398,0.24494897427831783
2026-08-31T20:56:16.250,121015500,P001,no_finger,NO_FINGER,,,,66,567357,4733,4651,nan,nan,nan,nan,nan,nan,False,False,nan,False,0.0,nan,nan,False,0,NO_FINGER,0,,0,,,,,0,0,0,30,60,0.9994668578797398,0.24494897427831783
2026-08-31T20:56:16.290,121015546,P001,no_finger,NO_FINGER,,,,67,567397,4743,4668,nan,nan,nan,nan,nan,nan,False,False,nan,False,0.0,nan,nan,False,0,NO_FINGER,0,,0,,,,,0,0,0,30,60,0.9994668578797398,0.24494897427831783
2026-08-31T20:56:16.418,121015671,P001,no_finger,NO_FINGER,,,,68,567437,4734,4651,nan,nan,nan,nan,nan,nan,False,False,nan,False,0.0,nan,nan,False,0,NO_FINGER,0,,0,,,,,0,0,0,30,60,0.9992342067803723,0.30000000000000004
2026-08-31T20:56:16.423,121015671,P001,no_finger,NO_FINGER,,,,69,567477,4751,4658,nan,nan,nan,nan,nan,nan,False,False,nan,False,0.0,nan,nan,False,0,NO_FINGER,0,,0,,,,,0,0,0,30,60,0.9992342067803723,0.30000000000000004
2026-08-31T20:56:16.429,121015687,P001,no_finger,NO_FINGER,,,,70,567517,4740,4650,nan,nan,nan,nan,nan,nan,False,False,nan,False,0.0,nan,nan,False,0,NO_FINGER,0,,0,,,,,0,0,0,30,60,0.9992342067803723,0.30000000000000004
2026-08-31T20:56:16.451,121015703,P001,no_finger,NO_FINGER,,,,71,567557,4745,4652,nan,nan,nan,nan,nan,nan,False,False,nan,False,0.0,nan,nan,False,0,NO_FINGER,0,,0,,,,,0,0,0,30,60,0.9992342067803723,0.30000000000000004
2026-08-31T20:56:16.490,121015734,P001,no_finger,NO_FINGER,,,,72,567597,4771,4664,nan,nan,nan,nan,nan,nan,False,False,nan,False,0.0,nan,nan,False,0,NO_FINGER,0,,0,,,,,0,0,0,30,60,0.9992342067803723,0.30000000000000004
2026-08-31T20:56:16.616,121015875,P001,no_finger,NO_FINGER,,,,73,567637,4767,4669,nan,nan,nan,nan,nan,nan,False,False,nan,False,0.0,nan,nan,False,0,NO_FINGER,0,,0,,,,,0,0,0,30,60,0.9994668578797398,0.24494897427831783
2026-08-31T20:56:16.622,121015875,P001,no_finger,NO_FINGER,,,,74,567677,4766,4654,nan,nan,nan,nan,nan,nan,False,False,nan,False,0.0,nan,nan,False,0,NO_FINGER,0,,0,,,,,0,0,0,30,60,0.9994668578797398,0.24494897427831783
2026-08-31T20:56:16.629,121015875,P001,no_finger,NO_FINGER,,,,75,567717,4777,4677,nan,nan,nan,nan,nan,nan,False,False,nan,False,0.0,nan,nan,False,0,NO_FINGER,0,,0,,,,,0,0,0,30,60,0.9994668578797398,0.24494897427831783
2026-08-31T20:56:16.649,121015906,P001,no_finger,NO_FINGER,,,,76,567757,4777,4674,nan,nan,nan,nan,nan,nan,False,False,nan,False,0.0,nan,nan,False,0,NO_FINGER,0,,0,,,,,0,0,0,30,60,0.9994668578797398,0.24494897427831783
2026-08-31T20:56:16.690,121015937,P001,no_finger,NO_FINGER,,,,77,567797,4769,4669,nan,nan,nan,nan,nan,nan,False,False,nan,False,0.0,nan,nan,False,0,NO_FINGER,0,,0,,,,,0,0,0,30,60,0.9994668578797398,0.24494897427831783
2026-08-31T20:56:16.817,121016062,P001,no_finger,NO_FINGER,,,,78,567837,4774,4668,nan,nan,nan,nan,nan,nan,False,False,nan,False,0.0,nan,nan,False,0,NO_FINGER,0,,0,,,,,0,0,0,30,60,0.9992342067803723,0.24494897427831783
2026-08-31T20:56:16.824,121016078,P001,no_finger,NO_FINGER,,,,79,567877,4770,4664,nan,nan,nan,nan,nan,nan,False,False,nan,False,0.0,nan,nan,False,0,NO_FINGER,0,,0,,,,,0,0,0,30,60,0.9992342067803723,0.24494897427831783
2026-08-31T20:56:16.829,121016078,P001,no_finger,NO_FINGER,,,,80,567917,4761,4654,nan,nan,nan,nan,nan,nan,False,False,nan,False,0.0,nan,nan,False,0,NO_FINGER,0,,0,,,,,0,0,0,30,60,0.9992342067803723,0.24494897427831783
2026-08-31T20:56:16.850,121016093,P001,no_finger,NO_FINGER,,,,81,567957,4772,4673,nan,nan,nan,nan,nan,nan,False,False,nan,False,0.0,nan,nan,False,0,NO_FINGER,0,,0,,,,,0,0,0,30,60,0.9992342067803723,0.24494897427831783
2026-08-31T20:56:16.890,121016140,P001,no_finger,NO_FINGER,,,,82,567997,4775,4687,nan,nan,nan,nan,nan,nan,False,False,nan,False,0.0,nan,nan,False,0,NO_FINGER,0,,0,,,,,0,0,0,30,60,0.9992342067803723,0.24494897427831783
2026-08-31T20:56:17.016,121016265,P001,no_finger,NO_FINGER,,,,83,568037,4779,4687,nan,nan,nan,nan,nan,nan,False,False,nan,False,0.0,nan,nan,False,0,NO_FINGER,0,,0,,,,,0,0,0,30,60,0.9994668578797398,0.24494897427831783
2026-08-31T20:56:17.022,121016265,P001,no_finger,NO_FINGER,,,,84,568077,4766,4674,nan,nan,nan,nan,nan,nan,False,False,nan,False,0.0,nan,nan,False,0,NO_FINGER,0,,0,,,,,0,0,0,30,60,0.9994668578797398,0.24494897427831783
2026-08-31T20:56:17.030,121016281,P001,no_finger,NO_FINGER,,,,85,568117,4760,4669,nan,nan,nan,nan,nan,nan,False,False,nan,False,0.0,nan,nan,False,0,NO_FINGER,0,,0,,,,,0,0,0,30,60,0.9994668578797398,0.24494897427831783
2026-08-31T20:56:17.049,121016296,P001,no_finger,NO_FINGER,,,,86,568157,4772,4677,nan,nan,nan,nan,nan,nan,False,False,nan,False,0.0,nan,nan,False,0,NO_FINGER,0,,0,,,,,0,0,0,30,60,0.9994668578797398,0.24494897427831783
2026-08-31T20:56:17.098,121016343,P001,no_finger,NO_FINGER,,,ACTION_START,87,568197,4767,4682,nan,nan,nan,nan,nan,nan,False,False,nan,False,0.0,nan,nan,False,0,NO_FINGER,0,,0,,,,,0,0,0,30,60,0.9994668578797398,0.24494897427831783
2026-08-31T20:56:17.216,121016468,P001,no_finger,NO_FINGER,,,,88,568237,4776,4688,nan,nan,nan,nan,nan,nan,False,False,nan,False,0.0,nan,nan,False,0,NO_FINGER,0,,0,,,,,0,0,0,30,60,0.9994668578797398,0.17320508075688776
2026-08-31T20:56:17.221,121016468,P001,no_finger,NO_FINGER,,,,89,568277,4769,4680,nan,nan,nan,nan,nan,nan,False,False,nan,False,0.0,nan,nan,False,0,NO_FINGER,0,,0,,,,,0,0,0,30,60,0.9994668578797398,0.17320508075688776
2026-08-31T20:56:17.229,121016484,P001,no_finger,NO_FINGER,,,,90,568317,4789,4703,nan,nan,nan,nan,nan,nan,False,False,nan,False,0.0,nan,nan,False,0,NO_FINGER,0,,0,,,,,0,0,0,30,60,0.9994668578797398,0.17320508075688776
2026-08-31T20:56:17.250,121016500,P001,no_finger,NO_FINGER,,,,91,568357,4778,4698,nan,nan,nan,nan,nan,nan,False,False,nan,False,0.0,nan,nan,False,0,NO_FINGER,0,,0,,,,,0,0,0,30,60,0.9994668578797398,0.17320508075688776
2026-08-31T20:56:17.291,121016546,P001,no_finger,NO_FINGER,,,,92,568397,4787,4703,nan,nan,nan,nan,nan,nan,False,False,nan,False,0.0,nan,nan,False,0,NO_FINGER,0,,0,,,,,0,0,0,30,60,0.9994668578797398,0.17320508075688776
2026-08-31T20:56:17.416,121016671,P001,no_finger,NO_FINGER,,,,93,568437,4788,4698,nan,nan,nan,nan,nan,nan,False,False,nan,False,0.0,nan,nan,False,0,NO_FINGER,0,,0,,,,,0,0,0,30,60,0.9992342067803723,0.17320508075688776
2026-08-31T20:56:17.422,121016671,P001,no_finger,NO_FINGER,,,,94,568477,4784,4700,nan,nan,nan,nan,nan,nan,False,False,nan,False,0.0,nan,nan,False,0,NO_FINGER,0,,0,,,,,0,0,0,30,60,0.9992342067803723,0.17320508075688776
2026-08-31T20:56:17.429,121016687,P001,no_finger,NO_FINGER,,,,95,568517,4790,4705,nan,nan,nan,nan,nan,nan,False,False,nan,False,0.0,nan,nan,False,0,NO_FINGER,0,,0,,,,,0,0,0,30,60,0.9992342067803723,0.17320508075688776
2026-08-31T20:56:17.449,121016703,P001,no_finger,NO_FINGER,,,,96,568557,4787,4704,nan,nan,nan,nan,nan,nan,False,False,nan,False,0.0,nan,nan,False,0,NO_FINGER,0,,0,,,,,0,0,0,30,60,0.9992342067803723,0.17320508075688776
2026-08-31T20:56:17.490,121016734,P001,no_finger,NO_FINGER,,,,97,568597,4791,4699,nan,nan,nan,nan,nan,nan,False,False,nan,False,0.0,nan,nan,False,0,NO_FINGER,0,,0,,,,,0,0,0,30,60,0.9992342067803723,0.17320508075688776
2026-08-31T20:56:17.616,121016875,P001,no_finger,NO_FINGER,,,,98,568637,4793,4701,nan,nan,nan,nan,nan,nan,False,False,nan,False,0.0,nan,nan,False,0,NO_FINGER,0,,0,,,,,0,0,0,30,60,0.9992342067803723,0.30000000000000004
2026-08-31T20:56:17.621,121016875,P001,no_finger,NO_FINGER,,,,99,568677,4795,4697,nan,nan,nan,nan,nan,nan,False,False,nan,False,0.0,nan,nan,False,0,NO_FINGER,0,,0,,,,,0,0,0,30,60,0.9992342067803723,0.30000000000000004
2026-08-31T20:56:17.629,121016875,P001,no_finger,NO_FINGER,,,,100,568717,4806,4706,nan,nan,nan,nan,nan,nan,False,False,nan,False,0.0,nan,nan,False,0,NO_FINGER,0,,0,,,,,0,0,0,30,60,0.9992342067803723,0.30000000000000004
2026-08-31T20:56:17.650,121016906,P001,no_finger,NO_FINGER,,,,101,568757,4810,4714,nan,nan,nan,nan,nan,nan,False,False,nan,False,0.0,nan,nan,False,0,NO_FINGER,0,,0,,,,,0,0,0,30,60,0.9992342067803723,0.30000000000000004
2026-08-31T20:56:17.690,121016937,P001,no_finger,NO_FINGER,,,,102,568797,4814,4717,nan,nan,nan,nan,nan,nan,False,False,nan,False,0.0,nan,nan,False,0,NO_FINGER,0,,0,,,,,0,0,0,30,60,0.9992342067803723,0.30000000000000004
2026-08-31T20:56:17.816,121017062,P001,no_finger,NO_FINGER,,,,103,568837,4808,4722,nan,nan,nan,nan,nan,nan,False,False,nan,False,0.0,nan,nan,False,0,NO_FINGER,0,,0,,,,,0,0,0,30,60,0.9992342067803723,0.24494897427831783
2026-08-31T20:56:17.822,121017078,P001,no_finger,NO_FINGER,,,,104,568877,4820,4724,nan,nan,nan,nan,nan,nan,False,False,nan,False,0.0,nan,nan,False,0,NO_FINGER,0,,0,,,,,0,0,0,30,60,0.9992342067803723,0.24494897427831783
2026-08-31T20:56:17.829,121017078,P001,no_finger,NO_FINGER,,,,105,568917,4821,4726,nan,nan,nan,nan,nan,nan,False,False,nan,False,0.0,nan,nan,False,0,NO_FINGER,0,,0,,,,,0,0,0,30,60,0.9992342067803723,0.24494897427831783
2026-08-31T20:56:17.850,121017093,P001,no_finger,NO_FINGER,,,,106,568957,4812,4721,nan,nan,nan,nan,nan,nan,False,False,nan,False,0.0,nan,nan,False,0,NO_FINGER,0,,0,,,,,0,0,0,30,60,0.9992342067803723,0.24494897427831783
2026-08-31T20:56:17.890,121017140,P001,no_finger,NO_FINGER,,,,107,568997,4808,4738,nan,nan,nan,nan,nan,nan,False,False,nan,False,0.0,nan,nan,False,0,NO_FINGER,0,,0,,,,,0,0,0,30,60,0.9992342067803723,0.24494897427831783
2026-08-31T20:56:18.016,121017265,P001,no_finger,NO_FINGER,,,,108,569037,4816,4737,nan,nan,nan,nan,nan,nan,False,False,nan,False,0.0,nan,nan,False,0,NO_FINGER,0,,0,,,,,0,0,0,30,60,0.9992342067803723,0.24494897427831783
2026-08-31T20:56:18.022,121017265,P001,no_finger,NO_FINGER,,,,109,569077,4804,4734,nan,nan,nan,nan,nan,nan,False,False,nan,False,0.0,nan,nan,False,0,NO_FINGER,0,,0,,,,,0,0,0,30,60,0.9992342067803723,0.24494897427831783
2026-08-31T20:56:18.029,121017281,P001,no_finger,NO_FINGER,,,,110,569117,4806,4731,nan,nan,nan,nan,nan,nan,False,False,nan,False,0.0,nan,nan,False,0,NO_FINGER,0,,0,,,,,0,0,0,30,60,0.9992342067803723,0.24494897427831783
2026-08-31T20:56:18.049,121017296,P001,no_finger,NO_FINGER,,,,111,569157,4797,4723,nan,nan,nan,nan,nan,nan,False,False,nan,False,0.0,nan,nan,False,0,NO_FINGER,0,,0,,,,,0,0,0,30,60,0.9992342067803723,0.24494897427831783
2026-08-31T20:56:18.090,121017343,P001,no_finger,NO_FINGER,,,,112,569197,4811,4726,nan,nan,nan,nan,nan,nan,False,False,nan,False,0.0,nan,nan,False,0,NO_FINGER,0,,0,,,,,0,0,0,30,60,0.9992342067803723,0.24494897427831783
2026-08-31T20:56:18.216,121017468,P001,no_finger,NO_FINGER,,,,113,569237,4802,4722,nan,nan,nan,nan,nan,nan,False,False,nan,False,0.0,nan,nan,False,0,NO_FINGER,0,,0,,,,,0,0,0,30,60,1.0000969952959562,0.17320508075688776
2026-08-31T20:56:18.222,121017468,P001,no_finger,NO_FINGER,,,,114,569277,4801,4719,nan,nan,nan,nan,nan,nan,False,False,nan,False,0.0,nan,nan,False,0,NO_FINGER,0,,0,,,,,0,0,0,30,60,1.0000969952959562,0.17320508075688776
2026-08-31T20:56:18.231,121017484,P001,no_finger,NO_FINGER,,,,115,569317,4809,4724,nan,nan,nan,nan,nan,nan,False,False,nan,False,0.0,nan,nan,False,0,NO_FINGER,0,,0,,,,,0,0,0,30,60,1.0000969952959562,0.17320508075688776
2026-08-31T20:56:18.250,121017500,P001,no_finger,NO_FINGER,,,,116,569357,4813,4734,nan,nan,nan,nan,nan,nan,False,False,nan,False,0.0,nan,nan,False,0,NO_FINGER,0,,0,,,,,0,0,0,30,60,1.0000969952959562,0.17320508075688776
2026-08-31T20:56:18.290,121017546,P001,no_finger,NO_FINGER,,,,117,569397,4815,4728,nan,nan,nan,nan,nan,nan,False,False,nan,False,0.0,nan,nan,False,0,NO_FINGER,0,,0,,,,,0,0,0,30,60,1.0000969952959562,0.17320508075688776
2026-08-31T20:56:18.417,121017671,P001,no_finger,NO_FINGER,,,,118,569437,4825,4723,nan,nan,nan,nan,nan,nan,False,False,nan,False,0.0,nan,nan,False,0,NO_FINGER,0,,0,,,,,0,0,0,30,60,0.9990180178555339,0.24494897427831783
2026-08-31T20:56:18.423,121017671,P001,no_finger,NO_FINGER,,,,119,569477,4804,4705,nan,nan,nan,nan,nan,nan,False,False,nan,False,0.0,nan,nan,False,0,NO_FINGER,0,,0,,,,,0,0,0,30,60,0.9990180178555339,0.24494897427831783
2026-08-31T20:56:18.429,121017687,P001,no_finger,NO_FINGER,,,,120,569517,4804,4716,nan,nan,nan,nan,nan,nan,False,False,nan,False,0.0,nan,nan,False,0,NO_FINGER,0,,0,,,,,0,0,0,30,60,0.9990180178555339,0.24494897427831783
2026-08-31T20:56:18.450,121017703,P001,no_finger,NO_FINGER,,,,121,569557,4814,4726,nan,nan,nan,nan,nan,nan,False,False,nan,False,0.0,nan,nan,False,0,NO_FINGER,0,,0,,,,,0,0,0,30,60,0.9990180178555339,0.24494897427831783
2026-08-31T20:56:18.490,121017734,P001,no_finger,NO_FINGER,,,,122,569597,4811,4716,nan,nan,nan,nan,nan,nan,False,False,nan,False,0.0,nan,nan,False,0,NO_FINGER,0,,0,,,,,0,0,0,30,60,0.9990180178555339,0.24494897427831783
2026-08-31T20:56:18.619,121017875,P001,no_finger,NO_FINGER,,,,123,569637,4807,4709,nan,nan,nan,nan,nan,nan,False,False,nan,False,0.0,nan,nan,False,0,NO_FINGER,0,,0,,,,,0,0,0,30,60,0.9992342067803723,0.17320508075688776
2026-08-31T20:56:18.627,121017875,P001,no_finger,NO_FINGER,,,,124,569687,4809,4715,nan,nan,nan,nan,nan,nan,False,False,nan,False,0.0,nan,nan,False,0,NO_FINGER,0,,0,,,,,0,0,0,30,60,0.9992342067803723,0.17320508075688776
2026-08-31T20:56:18.634,121017890,P001,no_finger,NO_FINGER,,,,125,569727,4812,4712,nan,nan,nan,nan,nan,nan,False,False,nan,False,0.0,nan,nan,False,0,NO_FINGER,0,,0,,,,,0,0,0,30,60,0.9992342067803723,0.17320508075688776
2026-08-31T20:56:18.650,121017906,P001,no_finger,NO_FINGER,,,,126,569757,4823,4727,nan,nan,nan,nan,nan,nan,False,False,nan,False,0.0,nan,nan,False,0,NO_FINGER,0,,0,,,,,0,0,0,30,60,0.9992342067803723,0.17320508075688776
2026-08-31T20:56:18.700,121017953,P001,no_finger,NO_FINGER,,,,127,569807,4827,4707,nan,nan,nan,nan,nan,nan,False,False,nan,False,0.0,nan,nan,False,0,NO_FINGER,0,,0,,,,,0,0,0,30,60,0.9992342067803723,0.17320508075688776
2026-08-31T20:56:18.816,121018062,P001,no_finger,NO_FINGER,,,,128,569837,4823,4727,nan,nan,nan,nan,nan,nan,False,False,nan,False,0.0,nan,nan,False,0,NO_FINGER,0,,0,,,,,0,0,0,30,60,0.9994668578797398,0.17320508075688776
2026-08-31T20:56:18.821,121018078,P001,no_finger,NO_FINGER,,,,129,569887,4826,4728,nan,nan,nan,nan,nan,nan,False,False,nan,False,0.0,nan,nan,False,0,NO_FINGER,0,,0,,,,,0,0,0,30,60,0.9994668578797398,0.17320508075688776
2026-08-31T20:56:18.830,121018078,P001,no_finger,NO_FINGER,,,,130,569927,4835,4716,nan,nan,nan,nan,nan,nan,False,False,nan,False,0.0,nan,nan,False,0,NO_FINGER,0,,0,,,,,0,0,0,30,60,0.9994668578797398,0.17320508075688776
2026-08-31T20:56:18.851,121018109,P001,no_finger,NO_FINGER,,,,131,569957,4812,4719,nan,nan,nan,nan,nan,nan,False,False,nan,False,0.0,nan,nan,False,0,NO_FINGER,0,,0,,,,,0,0,0,30,60,0.9994668578797398,0.17320508075688776
2026-08-31T20:56:18.901,121018156,P001,no_finger,NO_FINGER,,,,132,570007,4816,4688,nan,nan,nan,nan,nan,nan,False,False,nan,False,0.0,nan,nan,False,0,NO_FINGER,0,,0,,,,,0,0,0,30,60,0.9994668578797398,0.17320508075688776
2026-08-31T20:56:19.016,121018265,P001,no_finger,NO_FINGER,,,,133,570037,4819,4695,nan,nan,nan,nan,nan,nan,False,False,nan,False,0.0,nan,nan,False,0,NO_FINGER,0,,0,,,,,0,0,0,30,60,0.9994668578797398,0.17320508075688776
2026-08-31T20:56:19.022,121018265,P001,no_finger,NO_FINGER,,,,134,570087,4812,4692,nan,nan,nan,nan,nan,nan,False,False,nan,False,0.0,nan,nan,False,0,NO_FINGER,0,,0,,,,,0,0,0,30,60,0.9994668578797398,0.17320508075688776
2026-08-31T20:56:19.030,121018281,P001,no_finger,NO_FINGER,,,,135,570127,4829,4720,nan,nan,nan,nan,nan,nan,False,False,nan,False,0.0,nan,nan,False,0,NO_FINGER,0,,0,,,,,0,0,0,30,60,0.9994668578797398,0.17320508075688776
2026-08-31T20:56:19.061,121018312,P001,no_finger,NO_FINGER,,,,136,570167,4827,4671,nan,nan,nan,nan,nan,nan,False,False,nan,False,0.0,nan,nan,False,0,NO_FINGER,0,,0,,,,,0,0,0,30,60,0.9994668578797398,0.17320508075688776
2026-08-31T20:56:19.100,121018343,P001,no_finger,NO_FINGER,,,,137,570207,4811,4720,nan,nan,nan,nan,nan,nan,False,False,nan,False,0.0,nan,nan,False,0,NO_FINGER,0,,0,,,,,0,0,0,30,60,0.9994668578797398,0.17320508075688776
2026-08-31T20:56:19.216,121018468,P001,no_finger,NO_FINGER,,,,138,570247,4817,4709,nan,nan,nan,nan,nan,nan,False,False,nan,False,0.0,nan,nan,False,0,NO_FINGER,0,,0,,,,,0,0,0,30,60,0.9992342067803723,0.24494897427831783
2026-08-31T20:56:19.222,121018468,P001,no_finger,NO_FINGER,,,,139,570287,4824,4734,nan,nan,nan,nan,nan,nan,False,False,nan,False,0.0,nan,nan,False,0,NO_FINGER,0,,0,,,,,0,0,0,30,60,0.9992342067803723,0.24494897427831783
2026-08-31T20:56:19.230,121018484,P001,no_finger,NO_FINGER,,,,140,570327,4815,4723,nan,nan,nan,nan,nan,nan,False,False,nan,False,0.0,nan,nan,False,0,NO_FINGER,0,,0,,,,,0,0,0,30,60,0.9992342067803723,0.24494897427831783
2026-08-31T20:56:19.260,121018515,P001,no_finger,NO_FINGER,,,,141,570367,4810,4746,nan,nan,nan,nan,nan,nan,False,False,nan,False,0.0,nan,nan,False,0,NO_FINGER,0,,0,,,,,0,0,0,30,60,0.9992342067803723,0.24494897427831783
2026-08-31T20:56:19.299,121018546,P001,no_finger,NO_FINGER,,,,142,570407,4799,4702,nan,nan,nan,nan,nan,nan,False,False,nan,False,0.0,nan,nan,False,0,NO_FINGER,0,,0,,,,,0,0,0,30,60,0.9992342067803723,0.24494897427831783
2026-08-31T20:56:19.418,121018671,P001,no_finger,NO_FINGER,,,,143,570447,4798,4689,nan,nan,nan,nan,nan,nan,False,False,nan,False,0.0,nan,nan,False,0,NO_FINGER,0,,0,,,,,0,0,0,30,60,0.9994668578797398,0.17320508075688776
2026-08-31T20:56:19.423,121018671,P001,no_finger,NO_FINGER,,,,144,570487,4783,4728,nan,nan,nan,nan,nan,nan,False,False,nan,False,0.0,nan,nan,False,0,NO_FINGER,0,,0,,,,,0,0,0,30,60,0.9994668578797398,0.17320508075688776
2026-08-31T20:56:19.429,121018687,P001,no_finger,NO_FINGER,,,,145,570527,4785,4744,nan,nan,nan,nan,nan,nan,False,False,nan,False,0.0,nan,nan,False,0,NO_FINGER,0,,0,,,,,0,0,0,30,60,0.9994668578797398,0.17320508075688776
2026-08-31T20:56:19.460,121018718,P001,no_finger,NO_FINGER,,,,146,570567,4792,4709,nan,nan,nan,nan,nan,nan,False,False,nan,False,0.0,nan,nan,False,0,NO_FINGER,0,,0,,,,,0,0,0,30,60,0.9994668578797398,0.17320508075688776
2026-08-31T20:56:19.501,121018750,P001,no_finger,NO_FINGER,,,,147,570607,4774,4766,nan,nan,nan,nan,nan,nan,False,False,nan,False,0.0,nan,nan,False,0,NO_FINGER,0,,0,,,,,0,0,0,30,60,0.9994668578797398,0.17320508075688776
2026-08-31T20:56:19.616,121018875,P001,no_finger,NO_FINGER,,,,148,570647,4783,4733,nan,nan,nan,nan,nan,nan,False,False,nan,False,0.0,nan,nan,False,0,NO_FINGER,0,,0,,,,,0,0,0,30,60,0.9992342067803723,0.24494897427831783
2026-08-31T20:56:19.620,121018875,P001,no_finger,NO_FINGER,,,,149,570687,4756,4749,nan,nan,nan,nan,nan,nan,False,False,nan,False,0.0,nan,nan,False,0,NO_FINGER,0,,0,,,,,0,0,0,30,60,0.9992342067803723,0.24494897427831783
2026-08-31T20:56:19.629,121018875,P001,no_finger,NO_FINGER,,,,150,570727,4740,4759,nan,nan,nan,nan,nan,nan,False,False,nan,False,0.0,nan,nan,False,0,NO_FINGER,0,,0,,,,,0,0,0,30,60,0.9992342067803723,0.24494897427831783
2026-08-31T20:56:19.660,121018906,P001,no_finger,NO_FINGER,,,,151,570767,4775,4764,nan,nan,nan,nan,nan,nan,False,False,nan,False,0.0,nan,nan,False,0,NO_FINGER,0,,0,,,,,0,0,0,30,60,0.9992342067803723,0.24494897427831783
2026-08-31T20:56:19.700,121018953,P001,no_finger,NO_FINGER,,,,152,570807,4719,4741,nan,nan,nan,nan,nan,nan,False,False,nan,False,0.0,nan,nan,False,0,NO_FINGER,0,,0,,,,,0,0,0,30,60,0.9992342067803723,0.24494897427831783
2026-08-31T20:56:19.816,121019062,P001,no_finger,NO_FINGER,,,,153,570847,4774,4719,nan,nan,nan,nan,nan,nan,False,False,nan,False,0.0,nan,nan,False,0,NO_FINGER,0,,0,,,,,0,0,0,30,60,0.9994668578797398,0.17320508075688776
2026-08-31T20:56:19.823,121019078,P001,no_finger,NO_FINGER,,,,154,570887,4756,4732,nan,nan,nan,nan,nan,nan,False,False,nan,False,0.0,nan,nan,False,0,NO_FINGER,0,,0,,,,,0,0,0,30,60,0.9994668578797398,0.17320508075688776
2026-08-31T20:56:19.831,121019078,P001,no_finger,NO_FINGER,,,,155,570927,4743,4761,nan,nan,nan,nan,nan,nan,False,False,nan,False,0.0,nan,nan,False,0,NO_FINGER,0,,0,,,,,0,0,0,30,60,0.9994668578797398,0.17320508075688776
2026-08-31T20:56:19.860,121019109,P001,no_finger,NO_FINGER,,,,156,570967,4781,4751,nan,nan,nan,nan,nan,nan,False,False,nan,False,0.0,nan,nan,False,0,NO_FINGER,0,,0,,,,,0,0,0,30,60,0.9994668578797398,0.17320508075688776
2026-08-31T20:56:19.904,121019156,P001,no_finger,NO_FINGER,,,,157,571007,4726,4725,nan,nan,nan,nan,nan,nan,False,False,nan,False,0.0,nan,nan,False,0,NO_FINGER,0,,0,,,,,0,0,0,30,60,0.9994668578797398,0.17320508075688776
2026-08-31T20:56:20.016,121019265,P001,no_finger,NO_FINGER,,,,158,571047,4755,4730,nan,nan,nan,nan,nan,nan,False,False,nan,False,0.0,nan,nan,False,0,NO_FINGER,0,,0,,,,,0,0,0,30,60,0.9992342067803723,0.30000000000000004
2026-08-31T20:56:20.022,121019265,P001,no_finger,NO_FINGER,,,,159,571087,4764,4749,nan,nan,nan,nan,nan,nan,False,False,nan,False,0.0,nan,nan,False,0,NO_FINGER,0,,0,,,,,0,0,0,30,60,0.9992342067803723,0.30000000000000004
2026-08-31T20:56:20.029,121019281,P001,no_finger,NO_FINGER,,,,160,571127,4807,4779,nan,nan,nan,nan,nan,nan,False,False,nan,False,0.0,nan,nan,False,0,NO_FINGER,0,,0,,,,,0,0,0,30,60,0.9992342067803723,0.30000000000000004
2026-08-31T20:56:20.060,121019312,P001,no_finger,NO_FINGER,,,,161,571167,4784,4776,nan,nan,nan,nan,nan,nan,False,False,nan,False,0.0,nan,nan,False,0,NO_FINGER,0,,0,,,,,0,0,0,30,60,0.9992342067803723,0.30000000000000004
2026-08-31T20:56:20.100,121019343,P001,no_finger,NO_FINGER,,,,162,571207,4793,4696,nan,nan,nan,nan,nan,nan,False,False,nan,False,0.0,nan,nan,False,0,NO_FINGER,0,,0,,,,,0,0,0,30,60,0.9992342067803723,0.30000000000000004
2026-08-31T20:56:20.216,121019468,P001,no_finger,NO_FINGER,,,,163,571247,4814,4731,nan,nan,nan,nan,nan,nan,False,False,nan,False,0.0,nan,nan,False,0,NO_FINGER,0,,0,,,,,0,0,0,30,60,0.9994668578797398,0.24494897427831783
2026-08-31T20:56:20.221,121019468,P001,no_finger,NO_FINGER,,,,164,571287,4782,4729,nan,nan,nan,nan,nan,nan,False,False,nan,False,0.0,nan,nan,False,0,NO_FINGER,0,,0,,,,,0,0,0,30,60,0.9994668578797398,0.24494897427831783
2026-08-31T20:56:20.230,121019484,P001,no_finger,NO_FINGER,,,,165,571327,4792,4731,nan,nan,nan,nan,nan,nan,False,False,nan,False,0.0,nan,nan,False,0,NO_FINGER,0,,0,,,,,0,0,0,30,60,0.9994668578797398,0.24494897427831783
2026-08-31T20:56:20.262,121019515,P001,no_finger,NO_FINGER,,,,166,571367,4796,4718,nan,nan,nan,nan,nan,nan,False,False,nan,False,0.0,nan,nan,False,0,NO_FINGER,0,,0,,,,,0,0,0,30,60,0.9994668578797398,0.24494897427831783
2026-08-31T20:56:20.302,121019546,P001,no_finger,NO_FINGER,,,,167,571407,4831,4729,nan,nan,nan,nan,nan,nan,False,False,nan,False,0.0,nan,nan,False,0,NO_FINGER,0,,0,,,,,0,0,0,30,60,0.9994668578797398,0.24494897427831783
2026-08-31T20:56:20.416,121019671,P001,no_finger,NO_FINGER,,,,168,571447,4798,4720,nan,nan,nan,nan,nan,nan,False,False,nan,False,0.0,nan,nan,False,0,NO_FINGER,0,,0,,,,,0,0,0,30,60,0.9992342067803723,0.17320508075688776
2026-08-31T20:56:20.421,121019671,P001,no_finger,NO_FINGER,,,,169,571487,4828,4708,nan,nan,nan,nan,nan,nan,False,False,nan,False,0.0,nan,nan,False,0,NO_FINGER,0,,0,,,,,0,0,0,30,60,0.9992342067803723,0.17320508075688776
2026-08-31T20:56:20.429,121019687,P001,no_finger,NO_FINGER,,,,170,571527,4841,4763,nan,nan,nan,nan,nan,nan,False,False,nan,False,0.0,nan,nan,False,0,NO_FINGER,0,,0,,,,,0,0,0,30,60,0.9992342067803723,0.17320508075688776
2026-08-31T20:56:20.460,121019718,P001,no_finger,NO_FINGER,,,,171,571567,4800,4714,nan,nan,nan,nan,nan,nan,False,False,nan,False,0.0,nan,nan,False,0,NO_FINGER,0,,0,,,,,0,0,0,30,60,0.9992342067803723,0.17320508075688776
2026-08-31T20:56:20.500,121019750,P001,no_finger,NO_FINGER,,,,172,571607,4812,4764,nan,nan,nan,nan,nan,nan,False,False,nan,False,0.0,nan,nan,False,0,NO_FINGER,0,,0,,,,,0,0,0,30,60,0.9992342067803723,0.17320508075688776
2026-08-31T20:56:20.616,121019859,P001,no_finger,NO_FINGER,,,,173,571647,4828,4748,nan,nan,nan,nan,nan,nan,False,False,nan,False,0.0,nan,nan,False,0,NO_FINGER,0,,0,,,,,0,0,0,30,60,0.9992342067803723,0.24494897427831783
2026-08-31T20:56:20.621,121019875,P001,no_finger,NO_FINGER,,,,174,571687,4822,4734,nan,nan,nan,nan,nan,nan,False,False,nan,False,0.0,nan,nan,False,0,NO_FINGER,0,,0,,,,,0,0,0,30,60,0.9992342067803723,0.24494897427831783
2026-08-31T20:56:20.630,121019875,P001,no_finger,NO_FINGER,,,,175,571727,4811,4758,nan,nan,nan,nan,nan,nan,False,False,nan,False,0.0,nan,nan,False,0,NO_FINGER,0,,0,,,,,0,0,0,30,60,0.9992342067803723,0.24494897427831783
2026-08-31T20:56:20.660,121019906,P001,no_finger,NO_FINGER,,,,176,571767,4813,4753,nan,nan,nan,nan,nan,nan,False,False,nan,False,0.0,nan,nan,False,0,NO_FINGER,0,,0,,,,,0,0,0,30,60,0.9992342067803723,0.24494897427831783
2026-08-31T20:56:20.700,121019953,P001,no_finger,NO_FINGER,,,,177,571807,4843,4758,nan,nan,nan,nan,nan,nan,False,False,nan,False,0.0,nan,nan,False,0,NO_FINGER,0,,0,,,,,0,0,0,30,60,0.9992342067803723,0.24494897427831783
2026-08-31T20:56:20.817,121020062,P001,no_finger,NO_FINGER,,,,178,571847,4828,4756,nan,nan,nan,nan,nan,nan,False,False,nan,False,0.0,nan,nan,False,0,NO_FINGER,0,,0,,,,,0,0,0,30,60,0.9992342067803723,0.24494897427831783
2026-08-31T20:56:20.823,121020078,P001,no_finger,NO_FINGER,,,,179,571887,4827,4738,nan,nan,nan,nan,nan,nan,False,False,nan,False,0.0,nan,nan,False,0,NO_FINGER,0,,0,,,,,0,0,0,30,60,0.9992342067803723,0.24494897427831783
2026-08-31T20:56:20.829,121020078,P001,no_finger,NO_FINGER,,,,180,571927,4827,4764,nan,nan,nan,nan,nan,nan,False,False,nan,False,0.0,nan,nan,False,0,NO_FINGER,0,,0,,,,,0,0,0,30,60,0.9992342067803723,0.24494897427831783
2026-08-31T20:56:20.862,121020109,P001,no_finger,NO_FINGER,,,,181,571967,4850,4756,nan,nan,nan,nan,nan,nan,False,False,nan,False,0.0,nan,nan,False,0,NO_FINGER,0,,0,,,,,0,0,0,30,60,0.9992342067803723,0.24494897427831783
2026-08-31T20:56:20.902,121020156,P001,no_finger,NO_FINGER,,,,182,572007,4842,4762,nan,nan,nan,nan,nan,nan,False,False,nan,False,0.0,nan,nan,False,0,NO_FINGER,0,,0,,,,,0,0,0,30,60,0.9992342067803723,0.24494897427831783
2026-08-31T20:56:21.036,121020281,P001,no_finger,NO_FINGER,,,,183,572047,4821,4744,nan,nan,nan,nan,nan,nan,False,False,nan,False,0.0,nan,nan,False,0,NO_FINGER,0,,0,,,,,0,0,0,30,60,0.9992342067803723,0.17320508075688776
2026-08-31T20:56:21.039,121020296,P001,no_finger,NO_FINGER,,,,184,572087,4867,4769,nan,nan,nan,nan,nan,nan,False,False,nan,False,0.0,nan,nan,False,0,NO_FINGER,0,,0,,,,,0,0,0,30,60,0.9992342067803723,0.17320508075688776
2026-08-31T20:56:21.043,121020296,P001,no_finger,NO_FINGER,,,,185,572127,4810,4728,nan,nan,nan,nan,nan,nan,False,False,nan,False,0.0,nan,nan,False,0,NO_FINGER,0,,0,,,,,0,0,0,30,60,0.9992342067803723,0.17320508075688776
2026-08-31T20:56:21.068,121020312,P001,no_finger,NO_FINGER,,,,186,572167,4844,4735,nan,nan,nan,nan,nan,nan,False,False,nan,False,0.0,nan,nan,False,0,NO_FINGER,0,,0,,,,,0,0,0,30,60,0.9992342067803723,0.17320508075688776
2026-08-31T20:56:21.101,121020359,P001,no_finger,NO_FINGER,,,,187,572207,4794,4731,nan,nan,nan,nan,nan,nan,False,False,nan,False,0.0,nan,nan,False,0,NO_FINGER,0,,0,,,,,0,0,0,30,60,0.9992342067803723,0.17320508075688776
2026-08-31T20:56:21.237,121020484,P001,no_finger,NO_FINGER,,,,188,572247,4816,4736,nan,nan,nan,nan,nan,nan,False,False,nan,False,0.0,nan,nan,False,0,NO_FINGER,0,,0,,,,,0,0,0,30,60,0.9992342067803723,0.24494897427831783
2026-08-31T20:56:21.240,121020484,P001,no_finger,NO_FINGER,,,,189,572287,4784,4745,nan,nan,nan,nan,nan,nan,False,False,nan,False,0.0,nan,nan,False,0,NO_FINGER,0,,0,,,,,0,0,0,30,60,0.9992342067803723,0.24494897427831783
2026-08-31T20:56:21.245,121020500,P001,no_finger,NO_FINGER,,,,190,572327,4809,4734,nan,nan,nan,nan,nan,nan,False,False,nan,False,0.0,nan,nan,False,0,NO_FINGER,0,,0,,,,,0,0,0,30,60,0.9992342067803723,0.24494897427831783
2026-08-31T20:56:21.266,121020515,P001,no_finger,NO_FINGER,,,,191,572367,4773,4725,nan,nan,nan,nan,nan,nan,False,False,nan,False,0.0,nan,nan,False,0,NO_FINGER,0,,0,,,,,0,0,0,30,60,0.9992342067803723,0.24494897427831783
2026-08-31T20:56:21.300,121020546,P001,no_finger,NO_FINGER,,,,192,572407,4808,4740,nan,nan,nan,nan,nan,nan,False,False,nan,False,0.0,nan,nan,False,0,NO_FINGER,0,,0,,,,,0,0,0,30,60,0.9992342067803723,0.24494897427831783
2026-08-31T20:56:21.421,121020671,P001,no_finger,NO_FINGER,,,,193,572447,4849,4741,nan,nan,nan,nan,nan,nan,False,False,nan,False,0.0,nan,nan,False,0,NO_FINGER,0,,0,,,,,0,0,0,30,60,0.9992342067803723,0.17320508075688776
2026-08-31T20:56:21.427,121020671,P001,no_finger,NO_FINGER,,,,194,572487,4791,4732,nan,nan,nan,nan,nan,nan,False,False,nan,False,0.0,nan,nan,False,0,NO_FINGER,0,,0,,,,,0,0,0,30,60,0.9992342067803723,0.17320508075688776
2026-08-31T20:56:21.435,121020687,P001,no_finger,NO_FINGER,,,,195,572527,4832,4730,nan,nan,nan,nan,nan,nan,False,False,nan,False,0.0,nan,nan,False,0,NO_FINGER,0,,0,,,,,0,0,0,30,60,0.9992342067803723,0.17320508075688776
2026-08-31T20:56:21.461,121020718,P001,no_finger,NO_FINGER,,,,196,572567,4784,4725,nan,nan,nan,nan,nan,nan,False,False,nan,False,0.0,nan,nan,False,0,NO_FINGER,0,,0,,,,,0,0,0,30,60,0.9992342067803723,0.17320508075688776
2026-08-31T20:56:21.501,121020750,P001,no_finger,NO_FINGER,,,,197,572607,4843,4730,nan,nan,nan,nan,nan,nan,False,False,nan,False,0.0,nan,nan,False,0,NO_FINGER,0,,0,,,,,0,0,0,30,60,0.9992342067803723,0.17320508075688776
2026-08-31T20:56:21.621,121020875,P001,no_finger,NO_FINGER,,,,198,572647,4838,4733,nan,nan,nan,nan,nan,nan,False,False,nan,False,0.0,nan,nan,False,0,NO_FINGER,0,,0,,,,,0,0,0,30,60,0.9992342067803723,0.24494897427831783
2026-08-31T20:56:21.625,121020875,P001,no_finger,NO_FINGER,,,,199,572687,4843,4733,nan,nan,nan,nan,nan,nan,False,False,nan,False,0.0,nan,nan,False,0,NO_FINGER,0,,0,,,,,0,0,0,30,60,0.9992342067803723,0.24494897427831783
2026-08-31T20:56:21.637,121020890,P001,no_finger,NO_FINGER,,,,200,572727,4836,4739,nan,nan,nan,nan,nan,nan,False,False,nan,False,0.0,nan,nan,False,0,NO_FINGER,0,,0,,,,,0,0,0,30,60,0.9992342067803723,0.24494897427831783
2026-08-31T20:56:21.660,121020906,P001,no_finger,NO_FINGER,,,,201,572767,4838,4725,nan,nan,nan,nan,nan,nan,False,False,nan,False,0.0,nan,nan,False,0,NO_FINGER,0,,0,,,,,0,0,0,30,60,0.9992342067803723,0.24494897427831783
2026-08-31T20:56:21.701,121020953,P001,no_finger,NO_FINGER,,,,202,572807,4816,4725,nan,nan,nan,nan,nan,nan,False,False,nan,False,0.0,nan,nan,False,0,NO_FINGER,0,,0,,,,,0,0,0,30,60,0.9992342067803723,0.24494897427831783
2026-08-31T20:56:21.822,121021078,P001,no_finger,NO_FINGER,,,,203,572847,4845,4731,nan,nan,nan,nan,nan,nan,False,False,nan,False,0.0,nan,nan,False,0,NO_FINGER,0,,0,,,,,0,0,0,30,60,0.9992342067803723,0.24494897427831783
2026-08-31T20:56:21.828,121021078,P001,no_finger,NO_FINGER,,,,204,572887,4837,4731,nan,nan,nan,nan,nan,nan,False,False,nan,False,0.0,nan,nan,False,0,NO_FINGER,0,,0,,,,,0,0,0,30,60,0.9992342067803723,0.24494897427831783
2026-08-31T20:56:21.855,121021109,P001,no_finger,NO_FINGER,,,,205,572927,4818,4739,nan,nan,nan,nan,nan,nan,False,False,nan,False,0.0,nan,nan,False,0,NO_FINGER,0,,0,,,,,0,0,0,30,60,0.9992342067803723,0.24494897427831783
2026-08-31T20:56:21.870,121021125,P001,no_finger,NO_FINGER,,,,206,572967,4850,4739,nan,nan,nan,nan,nan,nan,False,False,nan,False,0.0,nan,nan,False,0,NO_FINGER,0,,0,,,,,0,0,0,30,60,0.9992342067803723,0.24494897427831783
2026-08-31T20:56:21.901,121021156,P001,no_finger,NO_FINGER,,,,207,573007,4827,4739,nan,nan,nan,nan,nan,nan,False,False,nan,False,0.0,nan,nan,False,0,NO_FINGER,0,,0,,,,,0,0,0,30,60,0.9992342067803723,0.24494897427831783
2026-08-31T20:56:22.039,121021296,P001,no_finger,NO_FINGER,,,,208,573047,4828,4736,nan,nan,nan,nan,nan,nan,False,False,nan,False,0.0,nan,nan,False,0,NO_FINGER,0,,0,,,,,0,0,0,30,60,0.9992342067803723,0.24494897427831783
2026-08-31T20:56:22.042,121021296,P001,no_finger,NO_FINGER,,,,209,573087,4838,4726,nan,nan,nan,nan,nan,nan,False,False,nan,False,0.0,nan,nan,False,0,NO_FINGER,0,,0,,,,,0,0,0,30,60,0.9992342067803723,0.24494897427831783
2026-08-31T20:56:22.044,121021296,P001,no_finger,NO_FINGER,,,,210,573127,4788,4729,nan,nan,nan,nan,nan,nan,False,False,nan,False,0.0,nan,nan,False,0,NO_FINGER,0,,0,,,,,0,0,0,30,60,0.9992342067803723,0.24494897427831783
2026-08-31T20:56:22.072,121021328,P001,no_finger,NO_FINGER,,,,211,573167,4828,4747,nan,nan,nan,nan,nan,nan,False,False,nan,False,0.0,nan,nan,False,0,NO_FINGER,0,,0,,,,,0,0,0,30,60,0.9992342067803723,0.24494897427831783
2026-08-31T20:56:22.103,121021359,P001,no_finger,NO_FINGER,,,,212,573207,4796,4714,nan,nan,nan,nan,nan,nan,False,False,nan,False,0.0,nan,nan,False,0,NO_FINGER,0,,0,,,,,0,0,0,30,60,0.9992342067803723,0.24494897427831783
2026-08-31T20:56:22.243,121021500,P001,no_finger,NO_FINGER,,,,213,573247,4812,4740,nan,nan,nan,nan,nan,nan,False,False,nan,False,0.0,nan,nan,False,0,NO_FINGER,0,,0,,,,,0,0,0,30,60,0.9994668578797398,0.17320508075688776
2026-08-31T20:56:22.245,121021500,P001,no_finger,NO_FINGER,,,,214,573287,4815,4747,nan,nan,nan,nan,nan,nan,False,False,nan,False,0.0,nan,nan,False,0,NO_FINGER,0,,0,,,,,0,0,0,30,60,0.9994668578797398,0.17320508075688776
2026-08-31T20:56:22.247,121021500,P001,no_finger,NO_FINGER,,,,215,573327,4796,4722,nan,nan,nan,nan,nan,nan,False,False,nan,False,0.0,nan,nan,False,0,NO_FINGER,0,,0,,,,,0,0,0,30,60,0.9994668578797398,0.17320508075688776
2026-08-31T20:56:22.274,121021531,P001,no_finger,NO_FINGER,,,,216,573367,4821,4750,nan,nan,nan,nan,nan,nan,False,False,nan,False,0.0,nan,nan,False,0,NO_FINGER,0,,0,,,,,0,0,0,30,60,0.9994668578797398,0.17320508075688776
2026-08-31T20:56:22.306,121021562,P001,no_finger,NO_FINGER,,,,217,573407,4806,4736,nan,nan,nan,nan,nan,nan,False,False,nan,False,0.0,nan,nan,False,0,NO_FINGER,0,,0,,,,,0,0,0,30,60,0.9994668578797398,0.17320508075688776
2026-08-31T20:56:22.431,121021687,P001,no_finger,NO_FINGER,,,,218,573447,4792,4726,nan,nan,nan,nan,nan,nan,False,False,nan,False,0.0,nan,nan,False,0,NO_FINGER,0,,0,,,,,0,0,0,30,60,0.9992342067803723,0.24494897427831783
2026-08-31T20:56:22.433,121021687,P001,no_finger,NO_FINGER,,,,219,573487,4810,4739,nan,nan,nan,nan,nan,nan,False,False,nan,False,0.0,nan,nan,False,0,NO_FINGER,0,,0,,,,,0,0,0,30,60,0.9992342067803723,0.24494897427831783
2026-08-31T20:56:22.462,121021718,P001,no_finger,NO_FINGER,,,,220,573527,4803,4730,nan,nan,nan,nan,nan,nan,False,False,nan,False,0.0,nan,nan,False,0,NO_FINGER,0,,0,,,,,0,0,0,30,60,0.9992342067803723,0.24494897427831783
2026-08-31T20:56:22.464,121021718,P001,no_finger,NO_FINGER,,,,221,573567,4796,4724,nan,nan,nan,nan,nan,nan,False,False,nan,False,0.0,nan,nan,False,0,NO_FINGER,0,,0,,,,,0,0,0,30,60,0.9992342067803723,0.24494897427831783
2026-08-31T20:56:22.500,121021750,P001,no_finger,NO_FINGER,,,,222,573607,4795,4723,nan,nan,nan,nan,nan,nan,False,False,nan,False,0.0,nan,nan,False,0,NO_FINGER,0,,0,,,,,0,0,0,30,60,0.9992342067803723,0.24494897427831783
2026-08-31T20:56:22.632,121021890,P001,no_finger,NO_FINGER,,,,223,573647,4813,4746,nan,nan,nan,nan,nan,nan,False,False,nan,False,0.0,nan,nan,False,0,NO_FINGER,0,,0,,,,,0,0,0,30,60,0.9994668578797398,0.17320508075688776
2026-08-31T20:56:22.634,121021890,P001,no_finger,NO_FINGER,,,,224,573687,4807,4741,nan,nan,nan,nan,nan,nan,False,False,nan,False,0.0,nan,nan,False,0,NO_FINGER,0,,0,,,,,0,0,0,30,60,0.9994668578797398,0.17320508075688776
2026-08-31T20:56:22.636,121021890,P001,no_finger,NO_FINGER,,,,225,573727,4800,4728,nan,nan,nan,nan,nan,nan,False,False,nan,False,0.0,nan,nan,False,0,NO_FINGER,0,,0,,,,,0,0,0,30,60,0.9994668578797398,0.17320508075688776
2026-08-31T20:56:22.660,121021906,P001,no_finger,NO_FINGER,,,,226,573767,4811,4739,nan,nan,nan,nan,nan,nan,False,False,nan,False,0.0,nan,nan,False,0,NO_FINGER,0,,0,,,,,0,0,0,30,60,0.9994668578797398,0.17320508075688776
2026-08-31T20:56:22.700,121021953,P001,no_finger,NO_FINGER,,,,227,573807,4816,4742,nan,nan,nan,nan,nan,nan,False,False,nan,False,0.0,nan,nan,False,0,NO_FINGER,0,,0,,,,,0,0,0,30,60,0.9994668578797398,0.17320508075688776
2026-08-31T20:56:22.816,121022062,P001,no_finger,NO_FINGER,,,,228,573847,4793,4730,nan,nan,nan,nan,nan,nan,False,False,nan,False,0.0,nan,nan,False,0,NO_FINGER,0,,0,,,,,0,0,0,30,60,0.9992342067803723,0.17320508075688776
2026-08-31T20:56:22.824,121022078,P001,no_finger,NO_FINGER,,,,229,573887,4798,4727,nan,nan,nan,nan,nan,nan,False,False,nan,False,0.0,nan,nan,False,0,NO_FINGER,0,,0,,,,,0,0,0,30,60,0.9992342067803723,0.17320508075688776
2026-08-31T20:56:22.829,121022078,P001,no_finger,NO_FINGER,,,,230,573927,4816,4746,nan,nan,nan,nan,nan,nan,False,False,nan,False,0.0,nan,nan,False,0,NO_FINGER,0,,0,,,,,0,0,0,30,60,0.9992342067803723,0.17320508075688776
2026-08-31T20:56:22.860,121022109,P001,no_finger,NO_FINGER,,,,231,573967,4798,4735,nan,nan,nan,nan,nan,nan,False,False,nan,False,0.0,nan,nan,False,0,NO_FINGER,0,,0,,,,,0,0,0,30,60,0.9992342067803723,0.17320508075688776
2026-08-31T20:56:22.900,121022156,P001,no_finger,NO_FINGER,,,,232,574007,4793,4724,nan,nan,nan,nan,nan,nan,False,False,nan,False,0.0,nan,nan,False,0,NO_FINGER,0,,0,,,,,0,0,0,30,60,0.9992342067803723,0.17320508075688776
2026-08-31T20:56:23.028,121022281,P001,no_finger,NO_FINGER,,,,233,574047,4802,4723,nan,nan,nan,nan,nan,nan,False,False,nan,False,0.0,nan,nan,False,0,NO_FINGER,0,,0,,,,,0,0,0,30,60,0.9994668578797398,0.24494897427831783
2026-08-31T20:56:23.031,121022281,P001,no_finger,NO_FINGER,,,,234,574087,4796,4731,nan,nan,nan,nan,nan,nan,False,False,nan,False,0.0,nan,nan,False,0,NO_FINGER,0,,0,,,,,0,0,0,30,60,0.9994668578797398,0.24494897427831783
2026-08-31T20:56:23.042,121022296,P001,no_finger,NO_FINGER,,,,235,574127,4809,4736,nan,nan,nan,nan,nan,nan,False,False,nan,False,0.0,nan,nan,False,0,NO_FINGER,0,,0,,,,,0,0,0,30,60,0.9994668578797398,0.24494897427831783
2026-08-31T20:56:23.087,121022343,P001,no_finger,NO_FINGER,,,,236,574167,4810,4734,nan,nan,nan,nan,nan,nan,False,False,nan,False,0.0,nan,nan,False,0,NO_FINGER,0,,0,,,,,0,0,0,30,60,0.9994668578797398,0.24494897427831783
2026-08-31T20:56:23.120,121022375,P001,no_finger,NO_FINGER,,,,237,574207,4812,4738,nan,nan,nan,nan,nan,nan,False,False,nan,False,0.0,nan,nan,False,0,NO_FINGER,0,,0,,,,,0,0,0,30,60,0.9994668578797398,0.24494897427831783
2026-08-31T20:56:23.216,121022468,P001,no_finger,NO_FINGER,,,,238,574247,4804,4735,nan,nan,nan,nan,nan,nan,False,False,nan,False,0.0,nan,nan,False,0,NO_FINGER,0,,0,,,,,0,0,0,30,60,0.9992342067803723,0.17320508075688776
2026-08-31T20:56:23.223,121022468,P001,no_finger,NO_FINGER,,,,239,574287,4801,4735,nan,nan,nan,nan,nan,nan,False,False,nan,False,0.0,nan,nan,False,0,NO_FINGER,0,,0,,,,,0,0,0,30,60,0.9992342067803723,0.17320508075688776
2026-08-31T20:56:23.231,121022484,P001,no_finger,NO_FINGER,,,,240,574327,4805,4740,nan,nan,nan,nan,nan,nan,False,False,nan,False,0.0,nan,nan,False,0,NO_FINGER,0,,0,,,,,0,0,0,30,60,0.9992342067803723,0.17320508075688776
2026-08-31T20:56:23.260,121022515,P001,no_finger,NO_FINGER,,,,241,574367,4805,4744,nan,nan,nan,nan,nan,nan,False,False,nan,False,0.0,nan,nan,False,0,NO_FINGER,0,,0,,,,,0,0,0,30,60,0.9992342067803723,0.17320508075688776
2026-08-31T20:56:23.300,121022546,P001,no_finger,NO_FINGER,,,,242,574407,4818,4752,nan,nan,nan,nan,nan,nan,False,False,nan,False,0.0,nan,nan,False,0,NO_FINGER,0,,0,,,,,0,0,0,30,60,0.9992342067803723,0.17320508075688776
2026-08-31T20:56:23.416,121022671,P001,no_finger,NO_FINGER,,,,243,574447,4802,4738,nan,nan,nan,nan,nan,nan,False,False,nan,False,0.0,nan,nan,False,0,NO_FINGER,0,,0,,,,,0,0,0,30,60,0.9992342067803723,0.17320508075688776
2026-08-31T20:56:23.423,121022671,P001,no_finger,NO_FINGER,,,,244,574487,4805,4745,nan,nan,nan,nan,nan,nan,False,False,nan,False,0.0,nan,nan,False,0,NO_FINGER,0,,0,,,,,0,0,0,30,60,0.9992342067803723,0.17320508075688776
2026-08-31T20:56:23.429,121022687,P001,no_finger,NO_FINGER,,,,245,574527,4806,4730,nan,nan,nan,nan,nan,nan,False,False,nan,False,0.0,nan,nan,False,0,NO_FINGER,0,,0,,,,,0,0,0,30,60,0.9992342067803723,0.17320508075688776
2026-08-31T20:56:23.460,121022718,P001,no_finger,NO_FINGER,,,,246,574567,4810,4735,nan,nan,nan,nan,nan,nan,False,False,nan,False,0.0,nan,nan,False,0,NO_FINGER,0,,0,,,,,0,0,0,30,60,0.9992342067803723,0.17320508075688776
2026-08-31T20:56:23.505,121022750,P001,no_finger,NO_FINGER,,,,247,574607,4797,4730,nan,nan,nan,nan,nan,nan,False,False,nan,False,0.0,nan,nan,False,0,NO_FINGER,0,,0,,,,,0,0,0,30,60,0.9992342067803723,0.17320508075688776
2026-08-31T20:56:23.616,121022859,P001,no_finger,NO_FINGER,,,,248,574647,4791,4724,nan,nan,nan,nan,nan,nan,False,False,nan,False,0.0,nan,nan,False,0,NO_FINGER,0,,0,,,,,0,0,0,30,60,0.9992342067803723,0.24494897427831783
2026-08-31T20:56:23.624,121022875,P001,no_finger,NO_FINGER,,,,249,574687,4780,4725,nan,nan,nan,nan,nan,nan,False,False,nan,False,0.0,nan,nan,False,0,NO_FINGER,0,,0,,,,,0,0,0,30,60,0.9992342067803723,0.24494897427831783
2026-08-31T20:56:23.630,121022875,P001,no_finger,NO_FINGER,,,,250,574727,4788,4723,nan,nan,nan,nan,nan,nan,False,False,nan,False,0.0,nan,nan,False,0,NO_FINGER,0,,0,,,,,0,0,0,30,60,0.9992342067803723,0.24494897427831783
2026-08-31T20:56:23.660,121022906,P001,no_finger,NO_FINGER,,,,251,574767,4781,4718,nan,nan,nan,nan,nan,nan,False,False,nan,False,0.0,nan,nan,False,0,NO_FINGER,0,,0,,,,,0,0,0,30,60,0.9992342067803723,0.24494897427831783
2026-08-31T20:56:23.700,121022953,P001,no_finger,NO_FINGER,,,,252,574807,4785,4713,nan,nan,nan,nan,nan,nan,False,False,nan,False,0.0,nan,nan,False,0,NO_FINGER,0,,0,,,,,0,0,0,30,60,0.9992342067803723,0.24494897427831783
2026-08-31T20:56:23.816,121023062,P001,no_finger,NO_FINGER,,,,253,574847,4792,4718,nan,nan,nan,nan,nan,nan,False,False,nan,False,0.0,nan,nan,False,0,NO_FINGER,0,,0,,,,,0,0,0,30,60,0.9994668578797398,0.24494897427831783
2026-08-31T20:56:23.822,121023078,P001,no_finger,NO_FINGER,,,,254,574887,4782,4715,nan,nan,nan,nan,nan,nan,False,False,nan,False,0.0,nan,nan,False,0,NO_FINGER,0,,0,,,,,0,0,0,30,60,0.9994668578797398,0.24494897427831783
2026-08-31T20:56:23.830,121023078,P001,no_finger,NO_FINGER,,,,255,574927,4783,4725,nan,nan,nan,nan,nan,nan,False,False,nan,False,0.0,nan,nan,False,0,NO_FINGER,0,,0,,,,,0,0,0,30,60,0.9994668578797398,0.24494897427831783
2026-08-31T20:56:23.860,121023109,P001,no_finger,NO_FINGER,,,,256,574967,4788,4723,nan,nan,nan,nan,nan,nan,False,False,nan,False,0.0,nan,nan,False,0,NO_FINGER,0,,0,,,,,0,0,0,30,60,0.9994668578797398,0.24494897427831783
2026-08-31T20:56:23.900,121023156,P001,no_finger,NO_FINGER,,,,257,575007,4781,4721,nan,nan,nan,nan,nan,nan,False,False,nan,False,0.0,nan,nan,False,0,NO_FINGER,0,,0,,,,,0,0,0,30,60,0.9994668578797398,0.24494897427831783
2026-08-31T20:56:24.056,121023312,P001,no_finger,NO_FINGER,,,,258,575047,4784,4731,nan,nan,nan,nan,nan,nan,False,False,nan,False,0.0,nan,nan,False,0,NO_FINGER,0,,0,,,,,0,0,0,30,60,0.9994668578797398,0.30000000000000004
2026-08-31T20:56:24.061,121023312,P001,no_finger,NO_FINGER,,,,259,575087,4780,4722,nan,nan,nan,nan,nan,nan,False,False,nan,False,0.0,nan,nan,False,0,NO_FINGER,0,,0,,,,,0,0,0,30,60,0.9994668578797398,0.30000000000000004
2026-08-31T20:56:24.064,121023312,P001,no_finger,NO_FINGER,,,,260,575127,4776,4712,nan,nan,nan,nan,nan,nan,False,False,nan,False,0.0,nan,nan,False,0,NO_FINGER,0,,0,,,,,0,0,0,30,60,0.9994668578797398,0.30000000000000004
2026-08-31T20:56:24.082,121023328,P001,no_finger,NO_FINGER,,,,261,575167,4779,4711,nan,nan,nan,nan,nan,nan,False,False,nan,False,0.0,nan,nan,False,0,NO_FINGER,0,,0,,,,,0,0,0,30,60,0.9994668578797398,0.30000000000000004
2026-08-31T20:56:24.113,121023359,P001,no_finger,NO_FINGER,,,,262,575207,4765,4697,nan,nan,nan,nan,nan,nan,False,False,nan,False,0.0,nan,nan,False,0,NO_FINGER,0,,0,,,,,0,0,0,30,60,0.9994668578797398,0.30000000000000004
2026-08-31T20:56:24.216,121023468,P001,no_finger,NO_FINGER,,,,263,575247,4764,4703,nan,nan,nan,nan,nan,nan,False,False,nan,False,0.0,nan,nan,False,0,NO_FINGER,0,,0,,,,,0,0,0,30,60,0.9992342067803723,0.24494897427831783
2026-08-31T20:56:24.221,121023468,P001,no_finger,NO_FINGER,,,,264,575287,4764,4693,nan,nan,nan,nan,nan,nan,False,False,nan,False,0.0,nan,nan,False,0,NO_FINGER,0,,0,,,,,0,0,0,30,60,0.9992342067803723,0.24494897427831783
2026-08-31T20:56:24.230,121023484,P001,no_finger,NO_FINGER,,,,265,575327,4758,4703,nan,nan,nan,nan,nan,nan,False,False,nan,False,0.0,nan,nan,False,0,NO_FINGER,0,,0,,,,,0,0,0,30,60,0.9992342067803723,0.24494897427831783
2026-08-31T20:56:24.260,121023515,P001,no_finger,NO_FINGER,,,,266,575367,4760,4705,nan,nan,nan,nan,nan,nan,False,False,nan,False,0.0,nan,nan,False,0,NO_FINGER,0,,0,,,,,0,0,0,30,60,0.9992342067803723,0.24494897427831783
2026-08-31T20:56:24.301,121023546,P001,no_finger,NO_FINGER,,,,267,575407,4765,4696,nan,nan,nan,nan,nan,nan,False,False,nan,False,0.0,nan,nan,False,0,NO_FINGER,0,,0,,,,,0,0,0,30,60,0.9992342067803723,0.24494897427831783
2026-08-31T20:56:24.431,121023687,P001,no_finger,NO_FINGER,,,,268,575447,4766,4696,nan,nan,nan,nan,nan,nan,False,False,nan,False,0.0,nan,nan,False,0,NO_FINGER,0,,0,,,,,0,0,0,30,60,0.9992342067803723,0.30000000000000004
2026-08-31T20:56:24.434,121023687,P001,no_finger,NO_FINGER,,,,269,575487,4767,4701,nan,nan,nan,nan,nan,nan,False,False,nan,False,0.0,nan,nan,False,0,NO_FINGER,0,,0,,,,,0,0,0,30,60,0.9992342067803723,0.30000000000000004
2026-08-31T20:56:24.457,121023703,P001,no_finger,NO_FINGER,,,,270,575527,4765,4703,nan,nan,nan,nan,nan,nan,False,False,nan,False,0.0,nan,nan,False,0,NO_FINGER,0,,0,,,,,0,0,0,30,60,0.9992342067803723,0.30000000000000004
2026-08-31T20:56:24.464,121023718,P001,no_finger,NO_FINGER,,,,271,575567,4781,4714,nan,nan,nan,nan,nan,nan,False,False,nan,False,0.0,nan,nan,False,0,NO_FINGER,0,,0,,,,,0,0,0,30,60,0.9992342067803723,0.30000000000000004
2026-08-31T20:56:24.501,121023750,P001,no_finger,NO_FINGER,,,,272,575607,4769,4705,nan,nan,nan,nan,nan,nan,False,False,nan,False,0.0,nan,nan,False,0,NO_FINGER,0,,0,,,,,0,0,0,30,60,0.9992342067803723,0.30000000000000004
2026-08-31T20:56:24.628,121023875,P001,no_finger,NO_FINGER,,,,273,575647,4769,4714,nan,nan,nan,nan,nan,nan,False,False,nan,False,0.0,nan,nan,False,0,NO_FINGER,0,,0,,,,,0,0,0,30,60,0.9992342067803723,0.24494897427831783
2026-08-31T20:56:24.632,121023890,P001,no_finger,NO_FINGER,,,,274,575687,4773,4707,nan,nan,nan,nan,nan,nan,False,False,nan,False,0.0,nan,nan,False,0,NO_FINGER,0,,0,,,,,0,0,0,30,60,0.9992342067803723,0.24494897427831783
2026-08-31T20:56:24.661,121023906,P001,no_finger,NO_FINGER,,,,275,575727,4770,4705,nan,nan,nan,nan,nan,nan,False,False,nan,False,0.0,nan,nan,False,0,NO_FINGER,0,,0,,,,,0,0,0,30,60,0.9992342067803723,0.24494897427831783
2026-08-31T20:56:24.689,121023937,P001,no_finger,NO_FINGER,,,,276,575767,4764,4708,nan,nan,nan,nan,nan,nan,False,False,nan,False,0.0,nan,nan,False,0,NO_FINGER,0,,0,,,,,0,0,0,30,60,0.9992342067803723,0.24494897427831783
2026-08-31T20:56:24.703,121023953,P001,no_finger,NO_FINGER,,,,277,575807,4762,4708,nan,nan,nan,nan,nan,nan,False,False,nan,False,0.0,nan,nan,False,0,NO_FINGER,0,,0,,,,,0,0,0,30,60,0.9992342067803723,0.24494897427831783
2026-08-31T20:56:24.816,121024062,P001,no_finger,NO_FINGER,,,,278,575847,4773,4695,nan,nan,nan,nan,nan,nan,False,False,nan,False,0.0,nan,nan,False,0,NO_FINGER,0,,0,,,,,0,0,0,30,60,0.9994668578797398,0.17320508075688776
2026-08-31T20:56:24.849,121024093,P001,no_finger,NO_FINGER,,,,279,575887,4777,4705,nan,nan,nan,nan,nan,nan,False,False,nan,False,0.0,nan,nan,False,0,NO_FINGER,0,,0,,,,,0,0,0,30,60,0.9994668578797398,0.17320508075688776
2026-08-31T20:56:24.853,121024109,P001,no_finger,NO_FINGER,,,,280,575927,4783,4696,nan,nan,nan,nan,nan,nan,False,False,nan,False,0.0,nan,nan,False,0,NO_FINGER,0,,0,,,,,0,0,0,30,60,0.9994668578797398,0.17320508075688776
2026-08-31T20:56:24.878,121024125,P001,no_finger,NO_FINGER,,,,281,575967,4777,4701,nan,nan,nan,nan,nan,nan,False,False,nan,False,0.0,nan,nan,False,0,NO_FINGER,0,,0,,,,,0,0,0,30,60,0.9994668578797398,0.17320508075688776
2026-08-31T20:56:24.901,121024156,P001,no_finger,NO_FINGER,,,,282,576007,4781,4699,nan,nan,nan,nan,nan,nan,False,False,nan,False,0.0,nan,nan,False,0,NO_FINGER,0,,0,,,,,0,0,0,30,60,0.9994668578797398,0.17320508075688776
2026-08-31T20:56:25.016,121024265,P001,no_finger,NO_FINGER,,,,283,576047,4785,4706,nan,nan,nan,nan,nan,nan,False,False,nan,False,0.0,nan,nan,False,0,NO_FINGER,0,,0,,,,,0,0,0,30,60,0.9992342067803723,0.24494897427831783
2026-08-31T20:56:25.024,121024281,P001,no_finger,NO_FINGER,,,,284,576087,4777,4704,nan,nan,nan,nan,nan,nan,False,False,nan,False,0.0,nan,nan,False,0,NO_FINGER,0,,0,,,,,0,0,0,30,60,0.9992342067803723,0.24494897427831783
2026-08-31T20:56:25.030,121024281,P001,no_finger,NO_FINGER,,,,285,576127,4779,4702,nan,nan,nan,nan,nan,nan,False,False,nan,False,0.0,nan,nan,False,0,NO_FINGER,0,,0,,,,,0,0,0,30,60,0.9992342067803723,0.24494897427831783
2026-08-31T20:56:25.066,121024312,P001,no_finger,NO_FINGER,,,,286,576167,4773,4689,nan,nan,nan,nan,nan,nan,False,False,nan,False,0.0,nan,nan,False,0,NO_FINGER,0,,0,,,,,0,0,0,30,60,0.9992342067803723,0.24494897427831783
2026-08-31T20:56:25.100,121024343,P001,no_finger,NO_FINGER,,,,287,576207,4755,4676,nan,nan,nan,nan,nan,nan,False,False,nan,False,0.0,nan,nan,False,0,NO_FINGER,0,,0,,,,,0,0,0,30,60,0.9992342067803723,0.24494897427831783
2026-08-31T20:56:25.216,121024468,P001,no_finger,NO_FINGER,,,,288,576247,4748,4645,nan,nan,nan,nan,nan,nan,False,False,nan,False,0.0,nan,nan,False,0,NO_FINGER,0,,0,,,,,0,0,0,30,60,1.0003294457327545,0.24494897427831783
2026-08-31T20:56:25.223,121024468,P001,no_finger,NO_FINGER,,,,289,576287,4729,4624,nan,nan,nan,nan,nan,nan,False,False,nan,False,0.0,nan,nan,False,0,NO_FINGER,0,,0,,,,,0,0,0,30,60,1.0003294457327545,0.24494897427831783
2026-08-31T20:56:25.230,121024484,P001,no_finger,NO_FINGER,,,,290,576327,4736,4616,nan,nan,nan,nan,nan,nan,False,False,nan,False,0.0,nan,nan,False,0,NO_FINGER,0,,0,,,,,0,0,0,30,60,1.0003294457327545,0.24494897427831783
2026-08-31T20:56:25.261,121024515,P001,no_finger,NO_FINGER,,,,291,576367,4767,4626,nan,nan,nan,nan,nan,nan,False,False,nan,False,0.0,nan,nan,False,0,NO_FINGER,0,,0,,,,,0,0,0,30,60,1.0003294457327545,0.24494897427831783
2026-08-31T20:56:25.301,121024546,P001,no_finger,NO_FINGER,,,,292,576407,4772,4621,nan,nan,nan,nan,nan,nan,False,False,nan,False,0.0,nan,nan,False,0,NO_FINGER,0,,0,,,,,0,0,0,30,60,1.0003294457327545,0.24494897427831783
2026-08-31T20:56:25.416,121024671,P001,no_finger,NO_FINGER,,,,293,576447,4804,4633,nan,nan,nan,nan,nan,nan,False,False,nan,False,0.0,nan,nan,False,0,NO_FINGER,0,,0,,,,,0,0,0,30,60,0.9992342067803723,0.17320508075688776
2026-08-31T20:56:25.422,121024671,P001,no_finger,NO_FINGER,,,,294,576487,4855,4675,nan,nan,nan,nan,nan,nan,False,False,nan,False,0.0,nan,nan,False,0,NO_FINGER,0,,0,,,,,0,0,0,30,60,0.9992342067803723,0.17320508075688776
2026-08-31T20:56:25.430,121024687,P001,no_finger,NO_FINGER,,,,295,576527,4914,4732,nan,nan,nan,nan,nan,nan,False,False,nan,False,0.0,nan,nan,False,0,NO_FINGER,0,,0,,,,,0,0,0,30,60,0.9992342067803723,0.17320508075688776
2026-08-31T20:56:25.460,121024718,P001,no_finger,NO_FINGER,,,,296,576567,5027,4839,nan,nan,nan,nan,nan,nan,False,False,nan,False,0.0,nan,nan,False,0,NO_FINGER,0,,0,,,,,0,0,0,30,60,0.9992342067803723,0.17320508075688776
2026-08-31T20:56:25.501,121024750,P001,no_finger,NO_FINGER,,,,297,576607,5157,4963,nan,nan,nan,nan,nan,nan,False,False,nan,False,0.0,nan,nan,False,0,NO_FINGER,0,,0,,,,,0,0,0,30,60,0.9992342067803723,0.17320508075688776
2026-08-31T20:56:25.616,121024875,P001,no_finger,NO_FINGER,,,,298,576647,5228,5022,nan,nan,nan,nan,nan,nan,False,False,nan,False,0.0,nan,nan,False,0,NO_FINGER,0,,0,,,,,0,0,0,30,60,0.9994668578797398,0.24494897427831783
2026-08-31T20:56:25.621,121024875,P001,no_finger,NO_FINGER,,,,299,576687,5260,5048,nan,nan,nan,nan,nan,nan,False,False,nan,False,0.0,nan,nan,False,0,NO_FINGER,0,,0,,,,,0,0,0,30,60,0.9994668578797398,0.24494897427831783
2026-08-31T20:56:25.629,121024875,P001,no_finger,NO_FINGER,,,,300,576727,5267,5058,nan,nan,nan,nan,nan,nan,False,False,nan,False,0.0,nan,nan,False,0,NO_FINGER,0,,0,,,,,0,0,0,30,60,0.9994668578797398,0.24494897427831783
2026-08-31T20:56:25.660,121024906,P001,no_finger,NO_FINGER,,,,301,576767,5314,5109,nan,nan,nan,nan,nan,nan,False,False,nan,False,0.0,nan,nan,False,0,NO_FINGER,0,,0,,,,,0,0,0,30,60,0.9994668578797398,0.24494897427831783
2026-08-31T20:56:25.701,121024953,P001,no_finger,NO_FINGER,,,,302,576807,5386,5174,nan,nan,nan,nan,nan,nan,False,False,nan,False,0.0,nan,nan,False,0,NO_FINGER,0,,0,,,,,0,0,0,30,60,0.9994668578797398,0.24494897427831783
2026-08-31T20:56:25.816,121025062,P001,no_finger,NO_FINGER,,,,303,576847,5442,5230,nan,nan,nan,nan,nan,nan,False,False,nan,False,0.0,nan,nan,False,0,NO_FINGER,0,,0,,,,,0,0,0,30,60,0.9992342067803723,0.24494897427831783
2026-08-31T20:56:25.822,121025078,P001,no_finger,NO_FINGER,,,,304,576887,5480,5259,nan,nan,nan,nan,nan,nan,False,False,nan,False,0.0,nan,nan,False,0,NO_FINGER,0,,0,,,,,0,0,0,30,60,0.9992342067803723,0.24494897427831783
2026-08-31T20:56:25.830,121025078,P001,no_finger,NO_FINGER,,,,305,576927,5552,5323,nan,nan,nan,nan,nan,nan,False,False,nan,False,0.0,nan,nan,False,0,NO_FINGER,0,,0,,,,,0,0,0,30,60,0.9992342067803723,0.24494897427831783
2026-08-31T20:56:25.860,121025109,P001,no_finger,NO_FINGER,,,,306,576967,5598,5360,nan,nan,nan,nan,nan,nan,False,False,nan,False,0.0,nan,nan,False,0,NO_FINGER,0,,0,,,,,0,0,0,30,60,0.9992342067803723,0.24494897427831783
2026-08-31T20:56:25.901,121025156,P001,no_finger,NO_FINGER,,,,307,577007,5614,5369,nan,nan,nan,nan,nan,nan,False,False,nan,False,0.0,nan,nan,False,0,NO_FINGER,0,,0,,,,,0,0,0,30,60,0.9992342067803723,0.24494897427831783
2026-08-31T20:56:26.016,121025265,P001,no_finger,NO_FINGER,,,,308,577047,5637,5400,nan,nan,nan,nan,nan,nan,False,False,nan,False,0.0,nan,nan,False,0,NO_FINGER,0,,0,,,,,0,0,0,30,60,0.9994668578797398,0.17320508075688776
2026-08-31T20:56:26.023,121025281,P001,no_finger,NO_FINGER,,,,309,577087,5652,5403,nan,nan,nan,nan,nan,nan,False,False,nan,False,0.0,nan,nan,False,0,NO_FINGER,0,,0,,,,,0,0,0,30,60,0.9994668578797398,0.17320508075688776
2026-08-31T20:56:26.029,121025281,P001,no_finger,NO_FINGER,,,,310,577127,5665,5413,nan,nan,nan,nan,nan,nan,False,False,nan,False,0.0,nan,nan,False,0,NO_FINGER,0,,0,,,,,0,0,0,30,60,0.9994668578797398,0.17320508075688776
2026-08-31T20:56:26.059,121025312,P001,no_finger,NO_FINGER,,,,311,577167,5685,5422,nan,nan,nan,nan,nan,nan,False,False,nan,False,0.0,nan,nan,False,0,NO_FINGER,0,,0,,,,,0,0,0,30,60,0.9994668578797398,0.17320508075688776
2026-08-31T20:56:26.100,121025343,P001,no_finger,NO_FINGER,,,,312,577207,5689,5434,nan,nan,nan,nan,nan,nan,False,False,nan,False,0.0,nan,nan,False,0,NO_FINGER,0,,0,,,,,0,0,0,30,60,0.9994668578797398,0.17320508075688776
2026-08-31T20:56:26.217,121025468,P001,no_finger,NO_FINGER,,,,313,577247,5694,5437,nan,nan,nan,nan,nan,nan,False,False,nan,False,0.0,nan,nan,False,0,NO_FINGER,0,,0,,,,,0,0,0,30,60,0.9990180178555339,0.24494897427831783
2026-08-31T20:56:26.224,121025468,P001,no_finger,NO_FINGER,,,,314,577287,5696,5436,nan,nan,nan,nan,nan,nan,False,False,nan,False,0.0,nan,nan,False,0,NO_FINGER,0,,0,,,,,0,0,0,30,60,0.9990180178555339,0.24494897427831783
2026-08-31T20:56:26.231,121025484,P001,no_finger,NO_FINGER,,,,315,577327,5691,5429,nan,nan,nan,nan,nan,nan,False,False,nan,False,0.0,nan,nan,False,0,NO_FINGER,0,,0,,,,,0,0,0,30,60,0.9990180178555339,0.24494897427831783
2026-08-31T20:56:26.260,121025515,P001,no_finger,NO_FINGER,,,,316,577367,5686,5437,nan,nan,nan,nan,nan,nan,False,False,nan,False,0.0,nan,nan,False,0,NO_FINGER,0,,0,,,,,0,0,0,30,60,0.9990180178555339,0.24494897427831783
2026-08-31T20:56:26.300,121025546,P001,no_finger,NO_FINGER,,,,317,577407,5676,5415,nan,nan,nan,nan,nan,nan,False,False,nan,False,0.0,nan,nan,False,0,NO_FINGER,0,,0,,,,,0,0,0,30,60,0.9990180178555339,0.24494897427831783
2026-08-31T20:56:26.416,121025671,P001,no_finger,NO_FINGER,,,,318,577447,5666,5417,nan,nan,nan,nan,nan,nan,False,False,nan,False,0.0,nan,nan,False,0,NO_FINGER,0,,0,,,,,0,0,0,30,60,0.9992342067803723,0.17320508075688776
2026-08-31T20:56:26.422,121025671,P001,no_finger,NO_FINGER,,,,319,577487,5656,5405,nan,nan,nan,nan,nan,nan,False,False,nan,False,0.0,nan,nan,False,0,NO_FINGER,0,,0,,,,,0,0,0,30,60,0.9992342067803723,0.17320508075688776
2026-08-31T20:56:26.429,121025687,P001,no_finger,NO_FINGER,,,,320,577527,5652,5405,nan,nan,nan,nan,nan,nan,False,False,nan,False,0.0,nan,nan,False,0,NO_FINGER,0,,0,,,,,0,0,0,30,60,0.9992342067803723,0.17320508075688776
2026-08-31T20:56:26.460,121025718,P001,no_finger,NO_FINGER,,,,321,577567,5658,5419,nan,nan,nan,nan,nan,nan,False,False,nan,False,0.0,nan,nan,False,0,NO_FINGER,0,,0,,,,,0,0,0,30,60,0.9992342067803723,0.17320508075688776
2026-08-31T20:56:26.500,121025750,P001,no_finger,NO_FINGER,,,,322,577607,5664,5417,nan,nan,nan,nan,nan,nan,False,False,nan,False,0.0,nan,nan,False,0,NO_FINGER,0,,0,,,,,0,0,0,30,60,0.9992342067803723,0.17320508075688776
2026-08-31T20:56:26.616,121025859,P001,no_finger,NO_FINGER,,,,323,577647,5664,5420,nan,nan,nan,nan,nan,nan,False,False,nan,False,0.0,nan,nan,False,0,NO_FINGER,0,,0,,,,,0,0,0,30,60,0.9994668578797398,0.24494897427831783
2026-08-31T20:56:26.622,121025875,P001,no_finger,NO_FINGER,,,,324,577687,5655,5427,nan,nan,nan,nan,nan,nan,False,False,nan,False,0.0,nan,nan,False,0,NO_FINGER,0,,0,,,,,0,0,0,30,60,0.9994668578797398,0.24494897427831783
2026-08-31T20:56:26.630,121025875,P001,no_finger,NO_FINGER,,,,325,577727,5669,5441,nan,nan,nan,nan,nan,nan,False,False,nan,False,0.0,nan,nan,False,0,NO_FINGER,0,,0,,,,,0,0,0,30,60,0.9994668578797398,0.24494897427831783
2026-08-31T20:56:26.659,121025906,P001,no_finger,NO_FINGER,,,,326,577767,5680,5447,nan,nan,nan,nan,nan,nan,False,False,nan,False,0.0,nan,nan,False,0,NO_FINGER,0,,0,,,,,0,0,0,30,60,0.9994668578797398,0.24494897427831783
2026-08-31T20:56:26.700,121025953,P001,no_finger,NO_FINGER,,,,327,577807,5683,5455,nan,nan,nan,nan,nan,nan,False,False,nan,False,0.0,nan,nan,False,0,NO_FINGER,0,,0,,,,,0,0,0,30,60,0.9994668578797398,0.24494897427831783
2026-08-31T20:56:26.816,121026062,P001,no_finger,NO_FINGER,,,,328,577847,5658,5432,nan,nan,nan,nan,nan,nan,False,False,nan,False,0.0,nan,nan,False,0,NO_FINGER,0,,0,,,,,0,0,0,30,60,1.0000969952959562,0.24494897427831783
2026-08-31T20:56:26.823,121026078,P001,no_finger,NO_FINGER,,,,329,577887,5647,5426,nan,nan,nan,nan,nan,nan,False,False,nan,False,0.0,nan,nan,False,0,NO_FINGER,0,,0,,,,,0,0,0,30,60,1.0000969952959562,0.24494897427831783
2026-08-31T20:56:26.830,121026078,P001,no_finger,NO_FINGER,,,,330,577927,5634,5413,nan,nan,nan,nan,nan,nan,False,False,nan,False,0.0,nan,nan,False,0,NO_FINGER,0,,0,,,,,0,0,0,30,60,1.0000969952959562,0.24494897427831783
2026-08-31T20:56:26.861,121026109,P001,no_finger,NO_FINGER,,,,331,577967,5614,5396,nan,nan,nan,nan,nan,nan,False,False,nan,False,0.0,nan,nan,False,0,NO_FINGER,0,,0,,,,,0,0,0,30,60,1.0000969952959562,0.24494897427831783
2026-08-31T20:56:26.901,121026156,P001,no_finger,NO_FINGER,,,,332,578007,5581,5372,nan,nan,nan,nan,nan,nan,False,False,nan,False,0.0,nan,nan,False,0,NO_FINGER,0,,0,,,,,0,0,0,30,60,1.0000969952959562,0.24494897427831783
2026-08-31T20:56:27.021,121026265,P001,no_finger,NO_FINGER,,,,333,578047,5571,5352,nan,nan,nan,nan,nan,nan,False,False,nan,False,0.0,nan,nan,False,0,NO_FINGER,0,,0,,,,,0,0,0,30,60,0.9992342067803723,0.24494897427831783
2026-08-31T20:56:27.028,121026281,P001,no_finger,NO_FINGER,,,,334,578097,5556,5325,nan,nan,nan,nan,nan,nan,False,False,nan,False,0.0,nan,nan,False,0,NO_FINGER,0,,0,,,,,0,0,0,30,60,0.9992342067803723,0.24494897427831783
2026-08-31T20:56:27.032,121026281,P001,no_finger,NO_FINGER,,,,335,578137,5524,5292,nan,nan,nan,nan,nan,nan,False,False,nan,False,0.0,nan,nan,False,0,NO_FINGER,0,,0,,,,,0,0,0,30,60,0.9992342067803723,0.24494897427831783
2026-08-31T20:56:27.071,121026328,P001,no_finger,NO_FINGER,,,,336,578177,5524,5259,nan,nan,nan,nan,nan,nan,False,False,nan,False,0.0,nan,nan,False,0,NO_FINGER,0,,0,,,,,0,0,0,30,60,0.9992342067803723,0.24494897427831783
2026-08-31T20:56:27.218,121026468,P001,no_finger,NO_FINGER,,,,337,578217,5513,5277,nan,nan,nan,nan,nan,nan,False,False,nan,False,0.0,nan,nan,False,0,NO_FINGER,0,,0,,,,,0,0,0,30,60,0.9994668578797398,0.24494897427831783
2026-08-31T20:56:27.224,121026468,P001,no_finger,NO_FINGER,,,,338,578257,5511,5281,nan,nan,nan,nan,nan,nan,False,False,nan,False,0.0,nan,nan,False,0,NO_FINGER,0,,0,,,,,0,0,0,30,60,0.9994668578797398,0.24494897427831783
2026-08-31T20:56:27.232,121026484,P001,no_finger,NO_FINGER,,,,339,578297,5501,5319,nan,nan,nan,nan,nan,nan,False,False,nan,False,0.0,nan,nan,False,0,NO_FINGER,0,,0,,,,,0,0,0,30,60,0.9994668578797398,0.24494897427831783
2026-08-31T20:56:27.238,121026484,P001,no_finger,NO_FINGER,,,,340,578337,5495,5260,nan,nan,nan,nan,nan,nan,False,False,nan,False,0.0,nan,nan,False,0,NO_FINGER,0,,0,,,,,0,0,0,30,60,0.9994668578797398,0.24494897427831783
2026-08-31T20:56:27.270,121026515,P001,no_finger,NO_FINGER,,,,341,578377,5496,5306,nan,nan,nan,nan,nan,nan,False,False,nan,False,0.0,nan,nan,False,0,NO_FINGER,0,,0,,,,,0,0,0,30,60,0.9994668578797398,0.24494897427831783
2026-08-31T20:56:27.418,121026671,P001,no_finger,NO_FINGER,,,,342,578417,5485,5296,nan,nan,nan,nan,nan,nan,False,False,nan,False,0.0,nan,nan,False,0,NO_FINGER,0,,0,,,,,0,0,0,30,60,0.9992342067803723,0.30000000000000004
2026-08-31T20:56:27.424,121026671,P001,no_finger,NO_FINGER,,,,343,578457,5479,5297,nan,nan,nan,nan,nan,nan,False,False,nan,False,0.0,nan,nan,False,0,NO_FINGER,0,,0,,,,,0,0,0,30,60,0.9992342067803723,0.30000000000000004
2026-08-31T20:56:27.431,121026687,P001,no_finger,NO_FINGER,,,,344,578497,5479,5310,nan,nan,nan,nan,nan,nan,False,False,nan,False,0.0,nan,nan,False,0,NO_FINGER,0,,0,,,,,0,0,0,30,60,0.9992342067803723,0.30000000000000004
2026-08-31T20:56:27.439,121026687,P001,no_finger,NO_FINGER,,,,345,578537,5479,5304,nan,nan,nan,nan,nan,nan,False,False,nan,False,0.0,nan,nan,False,0,NO_FINGER,0,,0,,,,,0,0,0,30,60,0.9992342067803723,0.30000000000000004
2026-08-31T20:56:27.470,121026718,P001,no_finger,NO_FINGER,,,,346,578577,5475,5273,nan,nan,nan,nan,nan,nan,False,False,nan,False,0.0,nan,nan,False,0,NO_FINGER,0,,0,,,,,0,0,0,30,60,0.9992342067803723,0.30000000000000004
2026-08-31T20:56:27.710,121026968,P001,no_finger,NO_FINGER,,,,347,578617,5473,5263,nan,nan,nan,nan,nan,nan,False,False,nan,False,0.0,nan,nan,False,0,NO_FINGER,0,,0,,,,,0,0,0,30,60,1.0000969952959562,0.24494897427831783
2026-08-31T20:56:27.716,121026968,P001,no_finger,NO_FINGER,,,,348,578657,5471,5282,nan,nan,nan,nan,nan,nan,False,False,nan,False,0.0,nan,nan,False,0,NO_FINGER,0,,0,,,,,0,0,0,30,60,1.0000969952959562,0.24494897427831783
2026-08-31T20:56:27.721,121026968,P001,no_finger,NO_FINGER,,,,349,578697,5451,5286,nan,nan,nan,nan,nan,nan,False,False,nan,False,0.0,nan,nan,False,0,NO_FINGER,0,,0,,,,,0,0,0,30,60,1.0000969952959562,0.24494897427831783
2026-08-31T20:56:27.727,121026984,P001,no_finger,NO_FINGER,,,,350,578737,5447,5233,nan,nan,nan,nan,nan,nan,False,False,nan,False,0.0,nan,nan,False,0,NO_FINGER,0,,0,,,,,0,0,0,30,60,1.0000969952959562,0.24494897427831783
2026-08-31T20:56:27.742,121027000,P001,no_finger,NO_FINGER,,,,351,578777,5436,5284,nan,nan,nan,nan,nan,nan,False,False,nan,False,0.0,nan,nan,False,0,NO_FINGER,0,,0,,,,,0,0,0,30,60,1.0000969952959562,0.24494897427831783
2026-08-31T20:56:27.824,121027078,P001,no_finger,NO_FINGER,,,,352,578817,5424,5259,nan,nan,nan,nan,nan,nan,False,False,nan,False,0.0,nan,nan,False,0,NO_FINGER,0,,0,,,,,0,0,0,30,60,0.9994668578797398,0.30000000000000004
2026-08-31T20:56:27.836,121027093,P001,no_finger,NO_FINGER,,,,353,578857,5430,5215,nan,nan,nan,nan,nan,nan,False,False,nan,False,0.0,nan,nan,False,0,NO_FINGER,0,,0,,,,,0,0,0,30,60,0.9994668578797398,0.30000000000000004
2026-08-31T20:56:27.842,121027093,P001,no_finger,NO_FINGER,,,,354,578897,5432,5274,nan,nan,nan,nan,nan,nan,False,False,nan,False,0.0,nan,nan,False,0,NO_FINGER,0,,0,,,,,0,0,0,30,60,0.9994668578797398,0.30000000000000004
2026-08-31T20:56:27.846,121027093,P001,no_finger,NO_FINGER,,,,355,578937,5433,5209,nan,nan,nan,nan,nan,nan,False,False,nan,False,0.0,nan,nan,False,0,NO_FINGER,0,,0,,,,,0,0,0,30,60,0.9994668578797398,0.30000000000000004
2026-08-31T20:56:27.871,121027125,P001,no_finger,NO_FINGER,,,,356,578977,5417,5274,nan,nan,nan,nan,nan,nan,False,False,nan,False,0.0,nan,nan,False,0,NO_FINGER,0,,0,,,,,0,0,0,30,60,0.9994668578797398,0.30000000000000004
2026-08-31T20:56:28.022,121027265,P001,no_finger,NO_FINGER,,,,357,579017,5420,5275,nan,nan,nan,nan,nan,nan,False,False,nan,False,0.0,nan,nan,False,0,NO_FINGER,0,,0,,,,,0,0,0,30,60,0.9992342067803723,0.24494897427831783
2026-08-31T20:56:28.032,121027281,P001,no_finger,NO_FINGER,,,,358,579057,5430,5297,nan,nan,nan,nan,nan,nan,False,False,nan,False,0.0,nan,nan,False,0,NO_FINGER,0,,0,,,,,0,0,0,30,60,0.9992342067803723,0.24494897427831783
2026-08-31T20:56:28.040,121027296,P001,no_finger,NO_FINGER,,,,359,579097,5387,5296,nan,nan,nan,nan,nan,nan,False,False,nan,False,0.0,nan,nan,False,0,NO_FINGER,0,,0,,,,,0,0,0,30,60,0.9992342067803723,0.24494897427831783
2026-08-31T20:56:28.050,121027296,P001,no_finger,NO_FINGER,,,,360,579137,5378,5279,nan,nan,nan,nan,nan,nan,False,False,nan,False,0.0,nan,nan,False,0,NO_FINGER,0,,0,,,,,0,0,0,30,60,0.9992342067803723,0.24494897427831783
2026-08-31T20:56:28.071,121027328,P001,no_finger,NO_FINGER,,,,361,579177,5411,5315,nan,nan,nan,nan,nan,nan,False,False,nan,False,0.0,nan,nan,False,0,NO_FINGER,0,,0,,,,,0,0,0,30,60,0.9992342067803723,0.24494897427831783
2026-08-31T20:56:28.218,121027468,P001,no_finger,NO_FINGER,,,,362,579217,5392,5265,nan,nan,nan,nan,nan,nan,False,False,nan,False,0.0,nan,nan,False,0,NO_FINGER,0,,0,,,,,0,0,0,30,60,0.9994668578797398,0.24494897427831783
2026-08-31T20:56:28.227,121027484,P001,no_finger,NO_FINGER,,,,363,579257,5401,5304,nan,nan,nan,nan,nan,nan,False,False,nan,False,0.0,nan,nan,False,0,NO_FINGER,0,,0,,,,,0,0,0,30,60,0.9994668578797398,0.24494897427831783
2026-08-31T20:56:28.231,121027484,P001,no_finger,NO_FINGER,,,,364,579297,5423,5256,nan,nan,nan,nan,nan,nan,False,False,nan,False,0.0,nan,nan,False,0,NO_FINGER,0,,0,,,,,0,0,0,30,60,0.9994668578797398,0.24494897427831783
2026-08-31T20:56:28.237,121027484,P001,no_finger,NO_FINGER,,,,365,579337,5398,5292,nan,nan,nan,nan,nan,nan,False,False,nan,False,0.0,nan,nan,False,0,NO_FINGER,0,,0,,,,,0,0,0,30,60,0.9994668578797398,0.24494897427831783
2026-08-31T20:56:28.271,121027515,P001,no_finger,NO_FINGER,,,,366,579377,5390,5247,nan,nan,nan,nan,nan,nan,False,False,nan,False,0.0,nan,nan,False,0,NO_FINGER,0,,0,,,,,0,0,0,30,60,0.9994668578797398,0.24494897427831783
2026-08-31T20:56:28.464,121027718,P001,no_finger,NO_FINGER,,,,367,579417,5394,5266,nan,nan,nan,nan,nan,nan,False,False,nan,False,0.0,nan,nan,False,0,NO_FINGER,0,,0,,,,,0,0,0,30,60,1.0000969952959562,0.30000000000000004
2026-08-31T20:56:28.469,121027718,P001,no_finger,NO_FINGER,,,,368,579457,5391,5231,nan,nan,nan,nan,nan,nan,False,False,nan,False,0.0,nan,nan,False,0,NO_FINGER,0,,0,,,,,0,0,0,30,60,1.0000969952959562,0.30000000000000004
2026-08-31T20:56:28.474,121027718,P001,no_finger,NO_FINGER,,,,369,579497,5369,5233,nan,nan,nan,nan,nan,nan,False,False,nan,False,0.0,nan,nan,False,0,NO_FINGER,0,,0,,,,,0,0,0,30,60,1.0000969952959562,0.30000000000000004
2026-08-31T20:56:28.480,121027734,P001,no_finger,NO_FINGER,,,,370,579537,5363,5243,nan,nan,nan,nan,nan,nan,False,False,nan,False,0.0,nan,nan,False,0,NO_FINGER,0,,0,,,,,0,0,0,30,60,1.0000969952959562,0.30000000000000004
2026-08-31T20:56:28.488,121027734,P001,no_finger,NO_FINGER,,,,371,579577,5342,5212,nan,nan,nan,nan,nan,nan,False,False,nan,False,0.0,nan,nan,False,0,NO_FINGER,0,,0,,,,,0,0,0,30,60,1.0000969952959562,0.30000000000000004
2026-08-31T20:56:28.617,121027875,P001,no_finger,NO_FINGER,,,,372,579617,5333,5227,nan,nan,nan,nan,nan,nan,False,False,nan,False,0.0,nan,nan,False,0,NO_FINGER,0,,0,,,,,0,0,0,30,60,0.9994668578797398,0.17320508075688776
2026-08-31T20:56:28.624,121027875,P001,no_finger,NO_FINGER,,,,373,579657,5313,5180,nan,nan,nan,nan,nan,nan,False,False,nan,False,0.0,nan,nan,False,0,NO_FINGER,0,,0,,,,,0,0,0,30,60,0.9994668578797398,0.17320508075688776
2026-08-31T20:56:28.630,121027875,P001,no_finger,NO_FINGER,,,,374,579697,5331,5198,nan,nan,nan,nan,nan,nan,False,False,nan,False,0.0,nan,nan,False,0,NO_FINGER,0,,0,,,,,0,0,0,30,60,0.9994668578797398,0.17320508075688776
2026-08-31T20:56:28.637,121027890,P001,no_finger,NO_FINGER,,,,375,579737,5272,5149,nan,nan,nan,nan,nan,nan,False,False,nan,False,0.0,nan,nan,False,0,NO_FINGER,0,,0,,,,,0,0,0,30,60,0.9994668578797398,0.17320508075688776
2026-08-31T20:56:28.672,121027921,P001,no_finger,NO_FINGER,,,,376,579777,5315,5204,nan,nan,nan,nan,nan,nan,False,False,nan,False,0.0,nan,nan,False,0,NO_FINGER,0,,0,,,,,0,0,0,30,60,0.9994668578797398,0.17320508075688776
2026-08-31T20:56:28.816,121028062,P001,no_finger,NO_FINGER,,,,377,579817,5302,5218,nan,nan,nan,nan,nan,nan,False,False,nan,False,0.0,nan,nan,False,0,NO_FINGER,0,,0,,,,,0,0,0,30,60,0.9998654909536583,0.24494897427831783
2026-08-31T20:56:28.824,121028078,P001,no_finger,NO_FINGER,,,,378,579857,5278,5161,nan,nan,nan,nan,nan,nan,False,False,nan,False,0.0,nan,nan,False,0,NO_FINGER,0,,0,,,,,0,0,0,30,60,0.9998654909536583,0.24494897427831783
2026-08-31T20:56:28.831,121028078,P001,no_finger,NO_FINGER,,,,379,579897,5298,5188,nan,nan,nan,nan,nan,nan,False,False,nan,False,0.0,nan,nan,False,0,NO_FINGER,0,,0,,,,,0,0,0,30,60,0.9998654909536583,0.24494897427831783
2026-08-31T20:56:28.838,121028093,P001,no_finger,NO_FINGER,,,,380,579937,5291,5123,nan,nan,nan,nan,nan,nan,False,False,nan,False,0.0,nan,nan,False,0,NO_FINGER,0,,0,,,,,0,0,0,30,60,0.9998654909536583,0.24494897427831783
2026-08-31T20:56:28.870,121028125,P001,no_finger,NO_FINGER,,,,381,579977,5271,5141,nan,nan,nan,nan,nan,nan,False,False,nan,False,0.0,nan,nan,False,0,NO_FINGER,0,,0,,,,,0,0,0,30,60,0.9998654909536583,0.24494897427831783
2026-08-31T20:56:29.017,121028265,P001,no_finger,NO_FINGER,,,,382,580017,5224,5127,nan,nan,nan,nan,nan,nan,False,False,nan,False,0.0,nan,nan,False,0,NO_FINGER,0,,0,,,,,0,0,0,30,60,0.9992342067803723,0.24494897427831783
2026-08-31T20:56:29.028,121028281,P001,no_finger,NO_FINGER,,,,383,580057,5192,5091,nan,nan,nan,nan,nan,nan,False,False,nan,False,0.0,nan,nan,False,0,NO_FINGER,0,,0,,,,,0,0,0,30,60,0.9992342067803723,0.24494897427831783
2026-08-31T20:56:29.036,121028281,P001,no_finger,NO_FINGER,,,,384,580097,5190,5071,nan,nan,nan,nan,nan,nan,False,False,nan,False,0.0,nan,nan,False,0,NO_FINGER,0,,0,,,,,0,0,0,30,60,0.9992342067803723,0.24494897427831783
2026-08-31T20:56:29.042,121028296,P001,no_finger,NO_FINGER,,,,385,580137,5151,5035,nan,nan,nan,nan,nan,nan,False,False,nan,False,0.0,nan,nan,False,0,NO_FINGER,0,,0,,,,,0,0,0,30,60,0.9992342067803723,0.24494897427831783
2026-08-31T20:56:29.072,121028328,P001,no_finger,NO_FINGER,,,,386,580177,5140,4993,nan,nan,nan,nan,nan,nan,False,False,nan,False,0.0,nan,nan,False,0,NO_FINGER,0,,0,,,,,0,0,0,30,60,0.9992342067803723,0.24494897427831783
2026-08-31T20:56:29.216,121028468,P001,no_finger,NO_FINGER,,,,387,580217,5094,4982,nan,nan,nan,nan,nan,nan,False,False,nan,False,0.0,nan,nan,False,0,NO_FINGER,0,,0,,,,,0,0,0,30,60,0.9992342067803723,0.24494897427831783
2026-08-31T20:56:29.223,121028468,P001,no_finger,NO_FINGER,,,,388,580257,5113,4997,nan,nan,nan,nan,nan,nan,False,False,nan,False,0.0,nan,nan,False,0,NO_FINGER,0,,0,,,,,0,0,0,30,60,0.9992342067803723,0.24494897427831783
2026-08-31T20:56:29.232,121028484,P001,no_finger,NO_FINGER,,,,389,580297,5079,4982,nan,nan,nan,nan,nan,nan,False,False,nan,False,0.0,nan,nan,False,0,NO_FINGER,0,,0,,,,,0,0,0,30,60,0.9992342067803723,0.24494897427831783
2026-08-31T20:56:29.239,121028484,P001,no_finger,NO_FINGER,,,,390,580337,5101,4977,nan,nan,nan,nan,nan,nan,False,False,nan,False,0.0,nan,nan,False,0,NO_FINGER,0,,0,,,,,0,0,0,30,60,0.9992342067803723,0.24494897427831783
2026-08-31T20:56:29.270,121028515,P001,no_finger,NO_FINGER,,,,391,580377,5057,4966,nan,nan,nan,nan,nan,nan,False,False,nan,False,0.0,nan,nan,False,0,NO_FINGER,0,,0,,,,,0,0,0,30,60,0.9992342067803723,0.24494897427831783
2026-08-31T20:56:29.416,121028671,P001,no_finger,NO_FINGER,,,,392,580417,5072,4975,nan,nan,nan,nan,nan,nan,False,False,nan,False,0.0,nan,nan,False,0,NO_FINGER,0,,0,,,,,0,0,0,30,60,0.9994668578797398,0.17320508075688776
2026-08-31T20:56:29.421,121028671,P001,no_finger,NO_FINGER,,,,393,580457,5026,4961,nan,nan,nan,nan,nan,nan,False,False,nan,False,0.0,nan,nan,False,0,NO_FINGER,0,,0,,,,,0,0,0,30,60,0.9994668578797398,0.17320508075688776
2026-08-31T20:56:29.430,121028687,P001,no_finger,NO_FINGER,,,,394,580497,5084,4961,nan,nan,nan,nan,nan,nan,False,False,nan,False,0.0,nan,nan,False,0,NO_FINGER,0,,0,,,,,0,0,0,30,60,0.9994668578797398,0.17320508075688776
2026-08-31T20:56:29.438,121028687,P001,no_finger,NO_FINGER,,,,395,580537,5042,4962,nan,nan,nan,nan,nan,nan,False,False,nan,False,0.0,nan,nan,False,0,NO_FINGER,0,,0,,,,,0,0,0,30,60,0.9994668578797398,0.17320508075688776
2026-08-31T20:56:29.469,121028718,P001,no_finger,NO_FINGER,,,,396,580577,5076,4965,nan,nan,nan,nan,nan,nan,False,False,nan,False,0.0,nan,nan,False,0,NO_FINGER,0,,0,,,,,0,0,0,30,60,0.9994668578797398,0.17320508075688776
2026-08-31T20:56:29.616,121028859,P001,no_finger,NO_FINGER,,,,397,580617,5091,4971,nan,nan,nan,nan,nan,nan,False,False,nan,False,0.0,nan,nan,False,0,NO_FINGER,0,,0,,,,,0,0,0,30,60,0.9992517200385497,0.24494897427831783
2026-08-31T20:56:29.626,121028875,P001,no_finger,NO_FINGER,,,,398,580657,5032,4967,nan,nan,nan,nan,nan,nan,False,False,nan,False,0.0,nan,nan,False,0,NO_FINGER,0,,0,,,,,0,0,0,30,60,0.9992517200385497,0.24494897427831783
2026-08-31T20:56:29.633,121028890,P001,no_finger,NO_FINGER,,,,399,580697,5101,4966,nan,nan,nan,nan,nan,nan,False,False,nan,False,0.0,nan,nan,False,0,NO_FINGER,0,,0,,,,,0,0,0,30,60,0.9992517200385497,0.24494897427831783
2026-08-31T20:56:29.640,121028890,P001,no_finger,NO_FINGER,,,,400,580737,5084,4973,nan,nan,nan,nan,nan,nan,False,False,nan,False,0.0,nan,nan,False,0,NO_FINGER,0,,0,,,,,0,0,0,30,60,0.9992517200385497,0.24494897427831783
2026-08-31T20:56:29.669,121028921,P001,no_finger,NO_FINGER,,,,401,580777,5102,4978,nan,nan,nan,nan,nan,nan,False,False,nan,False,0.0,nan,nan,False,0,NO_FINGER,0,,0,,,,,0,0,0,30,60,0.9992517200385497,0.24494897427831783
2026-08-31T20:56:29.817,121029062,P001,no_finger,NO_FINGER,,,,402,580817,5090,4980,nan,nan,nan,nan,nan,nan,False,False,nan,False,0.0,nan,nan,False,0,NO_FINGER,0,,0,,,,,0,0,0,30,60,0.999486368091131,0.24494897427831783
2026-08-31T20:56:29.824,121029078,P001,no_finger,NO_FINGER,,,,403,580857,5084,4966,nan,nan,nan,nan,nan,nan,False,False,nan,False,0.0,nan,nan,False,0,NO_FINGER,0,,0,,,,,0,0,0,30,60,0.999486368091131,0.24494897427831783
2026-08-31T20:56:29.831,121029078,P001,no_finger,NO_FINGER,,,,404,580897,5103,4974,nan,nan,nan,nan,nan,nan,False,False,nan,False,0.0,nan,nan,False,0,NO_FINGER,0,,0,,,,,0,0,0,30,60,0.999486368091131,0.24494897427831783
2026-08-31T20:56:29.836,121029093,P001,no_finger,NO_FINGER,,,,405,580937,5088,4971,nan,nan,nan,nan,nan,nan,False,False,nan,False,0.0,nan,nan,False,0,NO_FINGER,0,,0,,,,,0,0,0,30,60,0.999486368091131,0.24494897427831783
2026-08-31T20:56:29.870,121029125,P001,no_finger,NO_FINGER,,,,406,580977,5103,4970,nan,nan,nan,nan,nan,nan,False,False,nan,False,0.0,nan,nan,False,0,NO_FINGER,0,,0,,,,,0,0,0,30,60,0.999486368091131,0.24494897427831783
2026-08-31T20:56:30.017,121029265,P001,no_finger,NO_FINGER,,,,407,581017,5084,4973,nan,nan,nan,nan,nan,nan,False,False,nan,False,0.0,nan,nan,False,0,NO_FINGER,0,,0,,,,,0,0,0,30,60,0.9994668578797398,0.24494897427831783
2026-08-31T20:56:30.023,121029281,P001,no_finger,NO_FINGER,,,,408,581057,5112,4979,nan,nan,nan,nan,nan,nan,False,False,nan,False,0.0,nan,nan,False,0,NO_FINGER,0,,0,,,,,0,0,0,30,60,0.9994668578797398,0.24494897427831783
2026-08-31T20:56:30.031,121029281,P001,no_finger,NO_FINGER,,,,409,581097,5083,4976,nan,nan,nan,nan,nan,nan,False,False,nan,False,0.0,nan,nan,False,0,NO_FINGER,0,,0,,,,,0,0,0,30,60,0.9994668578797398,0.24494897427831783
2026-08-31T20:56:30.037,121029281,P001,no_finger,NO_FINGER,,,,410,581137,5085,4985,nan,nan,nan,nan,nan,nan,False,False,nan,False,0.0,nan,nan,False,0,NO_FINGER,0,,0,,,,,0,0,0,30,60,0.9994668578797398,0.24494897427831783
2026-08-31T20:56:30.069,121029312,P001,no_finger,NO_FINGER,,,,411,581177,5081,4981,nan,nan,nan,nan,nan,nan,False,False,nan,False,0.0,nan,nan,False,0,NO_FINGER,0,,0,,,,,0,0,0,30,60,0.9994668578797398,0.24494897427831783
2026-08-31T20:56:30.217,121029468,P001,no_finger,NO_FINGER,,,,412,581217,5085,4979,nan,nan,nan,nan,nan,nan,False,False,nan,False,0.0,nan,nan,False,0,NO_FINGER,0,,0,,,,,0,0,0,30,60,0.9992342067803723,0.17320508075688776
2026-08-31T20:56:30.225,121029468,P001,no_finger,NO_FINGER,,,,413,581257,5097,4989,nan,nan,nan,nan,nan,nan,False,False,nan,False,0.0,nan,nan,False,0,NO_FINGER,0,,0,,,,,0,0,0,30,60,0.9992342067803723,0.17320508075688776
2026-08-31T20:56:30.233,121029484,P001,no_finger,NO_FINGER,,,,414,581297,5092,4988,nan,nan,nan,nan,nan,nan,False,False,nan,False,0.0,nan,nan,False,0,NO_FINGER,0,,0,,,,,0,0,0,30,60,0.9992342067803723,0.17320508075688776
2026-08-31T20:56:30.238,121029484,P001,no_finger,NO_FINGER,,,,415,581337,5103,4996,nan,nan,nan,nan,nan,nan,False,False,nan,False,0.0,nan,nan,False,0,NO_FINGER,0,,0,,,,,0,0,0,30,60,0.9992342067803723,0.17320508075688776
2026-08-31T20:56:30.270,121029515,P001,no_finger,NO_FINGER,,,,416,581377,5102,4991,nan,nan,nan,nan,nan,nan,False,False,nan,False,0.0,nan,nan,False,0,NO_FINGER,0,,0,,,,,0,0,0,30,60,0.9992342067803723,0.17320508075688776
2026-08-31T20:56:30.418,121029671,P001,no_finger,NO_FINGER,,,,417,581417,5098,4995,nan,nan,nan,nan,nan,nan,False,False,nan,False,0.0,nan,nan,False,0,NO_FINGER,0,,0,,,,,0,0,0,30,60,0.9994668578797398,0.24494897427831783
2026-08-31T20:56:30.425,121029671,P001,no_finger,NO_FINGER,,,,418,581457,5103,4999,nan,nan,nan,nan,nan,nan,False,False,nan,False,0.0,nan,nan,False,0,NO_FINGER,0,,0,,,,,0,0,0,30,60,0.9994668578797398,0.24494897427831783
2026-08-31T20:56:30.435,121029687,P001,no_finger,NO_FINGER,,,,419,581497,5104,4996,nan,nan,nan,nan,nan,nan,False,False,nan,False,0.0,nan,nan,False,0,NO_FINGER,0,,0,,,,,0,0,0,30,60,0.9994668578797398,0.24494897427831783
2026-08-31T20:56:30.444,121029687,P001,no_finger,NO_FINGER,,,,420,581537,5096,4993,nan,nan,nan,nan,nan,nan,False,False,nan,False,0.0,nan,nan,False,0,NO_FINGER,0,,0,,,,,0,0,0,30,60,0.9994668578797398,0.24494897427831783
2026-08-31T20:56:30.470,121029718,P001,no_finger,NO_FINGER,,,,421,581577,5106,5002,nan,nan,nan,nan,nan,nan,False,False,nan,False,0.0,nan,nan,False,0,NO_FINGER,0,,0,,,,,0,0,0,30,60,0.9994668578797398,0.24494897427831783
2026-08-31T20:56:30.615,121029859,P001,no_finger,NO_FINGER,,,,422,581617,5095,4994,nan,nan,nan,nan,nan,nan,False,False,nan,False,0.0,nan,nan,False,0,NO_FINGER,0,,0,,,,,0,0,0,30,60,0.9996349333631754,0.24494897427831783
2026-08-31T20:56:30.622,121029875,P001,no_finger,NO_FINGER,,,,423,581657,5090,5001,nan,nan,nan,nan,nan,nan,False,False,nan,False,0.0,nan,nan,False,0,NO_FINGER,0,,0,,,,,0,0,0,30,60,0.9996349333631754,0.24494897427831783
2026-08-31T20:56:30.630,121029875,P001,no_finger,NO_FINGER,,,,424,581697,5094,5011,nan,nan,nan,nan,nan,nan,False,False,nan,False,0.0,nan,nan,False,0,NO_FINGER,0,,0,,,,,0,0,0,30,60,0.9996349333631754,0.24494897427831783
2026-08-31T20:56:30.637,121029890,P001,no_finger,NO_FINGER,,,,425,581737,5105,5010,nan,nan,nan,nan,nan,nan,False,False,nan,False,0.0,nan,nan,False,0,NO_FINGER,0,,0,,,,,0,0,0,30,60,0.9996349333631754,0.24494897427831783
2026-08-31T20:56:30.670,121029921,P001,no_finger,NO_FINGER,,,,426,581777,5103,5012,nan,nan,nan,nan,nan,nan,False,False,nan,False,0.0,nan,nan,False,0,NO_FINGER,0,,0,,,,,0,0,0,30,60,0.9996349333631754,0.24494897427831783
2026-08-31T20:56:30.817,121030062,P001,no_finger,NO_FINGER,,,,427,581817,5102,5007,nan,nan,nan,nan,nan,nan,False,False,nan,False,0.0,nan,nan,False,0,NO_FINGER,0,,0,,,,,0,0,0,30,60,0.9994668578797398,0.17320508075688776
2026-08-31T20:56:30.824,121030078,P001,no_finger,NO_FINGER,,,,428,581857,5095,4997,nan,nan,nan,nan,nan,nan,False,False,nan,False,0.0,nan,nan,False,0,NO_FINGER,0,,0,,,,,0,0,0,30,60,0.9994668578797398,0.17320508075688776
2026-08-31T20:56:30.831,121030078,P001,no_finger,NO_FINGER,,,,429,581897,5086,4995,nan,nan,nan,nan,nan,nan,False,False,nan,False,0.0,nan,nan,False,0,NO_FINGER,0,,0,,,,,0,0,0,30,60,0.9994668578797398,0.17320508075688776
2026-08-31T20:56:30.839,121030093,P001,no_finger,NO_FINGER,,,,430,581937,5068,4981,nan,nan,nan,nan,nan,nan,False,False,nan,False,0.0,nan,nan,False,0,NO_FINGER,0,,0,,,,,0,0,0,30,60,0.9994668578797398,0.17320508075688776
2026-08-31T20:56:30.870,121030125,P001,no_finger,NO_FINGER,,,,431,581977,5065,4977,nan,nan,nan,nan,nan,nan,False,False,nan,False,0.0,nan,nan,False,0,NO_FINGER,0,,0,,,,,0,0,0,30,60,0.9994668578797398,0.17320508075688776
2026-08-31T20:56:31.017,121030265,P001,no_finger,NO_FINGER,,,,432,582017,5055,4979,nan,nan,nan,nan,nan,nan,False,False,nan,False,0.0,nan,nan,False,0,NO_FINGER,0,,0,,,,,0,0,0,30,60,0.9992342067803723,0.17320508075688776
2026-08-31T20:56:31.024,121030281,P001,no_finger,NO_FINGER,,,,433,582057,5065,4980,nan,nan,nan,nan,nan,nan,False,False,nan,False,0.0,nan,nan,False,0,NO_FINGER,0,,0,,,,,0,0,0,30,60,0.9992342067803723,0.17320508075688776
2026-08-31T20:56:31.030,121030281,P001,no_finger,NO_FINGER,,,,434,582097,5068,4982,nan,nan,nan,nan,nan,nan,False,False,nan,False,0.0,nan,nan,False,0,NO_FINGER,0,,0,,,,,0,0,0,30,60,0.9992342067803723,0.17320508075688776
2026-08-31T20:56:31.038,121030281,P001,no_finger,NO_FINGER,,,,435,582137,5078,4995,nan,nan,nan,nan,nan,nan,False,False,nan,False,0.0,nan,nan,False,0,NO_FINGER,0,,0,,,,,0,0,0,30,60,0.9992342067803723,0.17320508075688776
2026-08-31T20:56:31.070,121030328,P001,no_finger,NO_FINGER,,,,436,582177,5091,5019,nan,nan,nan,nan,nan,nan,False,False,nan,False,0.0,nan,nan,False,0,NO_FINGER,0,,0,,,,,0,0,0,30,60,0.9992342067803723,0.17320508075688776
2026-08-31T20:56:31.219,121030468,P001,no_finger,NO_FINGER,,,,437,582217,5110,5029,nan,nan,nan,nan,nan,nan,False,False,nan,False,0.0,nan,nan,False,0,NO_FINGER,0,,0,,,,,0,0,0,30,60,0.9992342067803723,0.17320508075688776
2026-08-31T20:56:31.225,121030468,P001,no_finger,NO_FINGER,,,,438,582257,5094,5028,nan,nan,nan,nan,nan,nan,False,False,nan,False,0.0,nan,nan,False,0,NO_FINGER,0,,0,,,,,0,0,0,30,60,0.9992342067803723,0.17320508075688776
2026-08-31T20:56:31.231,121030484,P001,no_finger,NO_FINGER,,,,439,582297,5094,5019,nan,nan,nan,nan,nan,nan,False,False,nan,False,0.0,nan,nan,False,0,NO_FINGER,0,,0,,,,,0,0,0,30,60,0.9992342067803723,0.17320508075688776
2026-08-31T20:56:31.238,121030484,P001,no_finger,NO_FINGER,,,,440,582337,5097,5021,nan,nan,nan,nan,nan,nan,False,False,nan,False,0.0,nan,nan,False,0,NO_FINGER,0,,0,,,,,0,0,0,30,60,0.9992342067803723,0.17320508075688776
2026-08-31T20:56:31.270,121030515,P001,no_finger,NO_FINGER,,,,441,582377,5113,5024,nan,nan,nan,nan,nan,nan,False,False,nan,False,0.0,nan,nan,False,0,NO_FINGER,0,,0,,,,,0,0,0,30,60,0.9992342067803723,0.17320508075688776
